Zeitpunkt	3M Company (Dow Jones)	ABB - Asea Brown Boveri	Adidas (DAX / EURO STOXX 50)	Adyen (EURO STOXX 50)	Ahold Delhaize (EURO STOXX 50)	AIA Group Ltd. (Hong Kong (Hang Seng))	Air Liquide (EURO STOXX 50)	Airbus (DAX / EURO STOXX 50)	Alcon (STOXX Europe 50)	Alibaba Group Holding Ltd. (Hong Kong (Hang Seng))	Allianz (DAX / EURO STOXX 50 / STOXX Europe 50)	Alphabet Inc. (Dow Jones)	Amazon.com Inc. (Dow Jones)	Amgen Inc. (Dow Jones)	Anheuser-Busch InBev (EURO STOXX 50)	Apple Inc. (Dow Jones)	ASML Holding (EURO STOXX 50 / STOXX Europe 50)	AstraZeneca (STOXX Europe 50)	AstraZeneca PLC (STOXX Europe 50)	AXA (EURO STOXX 50)	Banco Bilbao Vizcaya Argentaria (EURO STOXX 50)	Banco Santander (EURO STOXX 50)	Barrick Mining	BASF SE (DAX / EURO STOXX 50)	Bayer AG (DAX / EURO STOXX 50)	Beiersdorf AG (SDAX)	BHP Group Ltd. (Australien (ASX 200))	Bittium Oyj	BMW AG (DAX / EURO STOXX 50)	BNP Paribas (EURO STOXX 50)	Boeing Company (Dow Jones)	BP (STOXX Europe 50)	Brenntag SE (DAX)	Brookfield Rg-A	Caterpillar Inc. (Dow Jones)	Ceconomy AG (SDAX)	China Construction Bank Corp. (Hong Kong (Hang Seng))	China Life Insurance Co. Ltd.	CLP Holdings Ltd. (Hong Kong (Hang Seng))	Commerzbank AG (DAX)	Commonwealth Bank of Australia (Australien (ASX 200))	Continental AG (DAX)	CSL Ltd. (Australien (ASX 200))	Danone (EURO STOXX 50)	Deckers Outdoor Corp. (USA Mittelgroß (S&P 400))	Delivery Hero SE (MDAX)	Delta Air Lines Inc. (Dow Jones)	Deutsche Bank (DAX / EURO STOXX 50)	Deutsche Börse AG (DAX / EURO STOXX 50)	Deutsche Telekom (DAX)	Deutz AG (SDAX)	DHL Group (DAX / EURO STOXX 50)	Diageo (STOXX Europe 50)	E.ON SE (DAX)	Enel (EURO STOXX 50)	ENI (EURO STOXX 50)	EssilorLuxottica (EURO STOXX 50)	Evonik Industries AG (MDAX)	Fast Retailing Co. Ltd. (Tokio (Nikkei 225))	Ferrari (EURO STOXX 50)	Finnair Oyj	Flutter Entertainment (EURO STOXX 50)	Fortum Oyj	Freenet AG (SDAX)	Fresenius Medical Care (SDAX)	GEA Group AG (DAX)	Glencore (STOXX Europe 50)	GoDaddy Rg-A	Goldman Sachs Group Inc. (Dow Jones)	Graco Inc. (USA Mittelgroß (S&P 400))	Hannover Rück SE (MDAX)	Heidelberg Materials AG (DAX)	HelloFresh SE (MDAX)	Hermes International (EURO STOXX 50)	Hong Kong Exchanges & Clearing Ltd. (Hong Kong (Hang Seng))	Hugo Boss AG (MDAX)	Huhtamäki Oyj	Iberdrola (EURO STOXX 50)	Inditex (EURO STOXX 50)	Infineon Technologies AG (DAX / EURO STOXX 50)	ING Groep (EURO STOXX 50)	Intesa Sanpaolo (EURO STOXX 50)	JPMorgan Chase & Co. (Dow Jones)	Kering (EURO STOXX 50)	Keyence Corp. (Tokio (Nikkei 225))	Kion Group AG (SDAX)	Knorr-Bremse AG (MDAX)	KONE Oyj	L'Oréal (EURO STOXX 50)	Lanxess AG (MDAX)	LEG Immobilien SE (MDAX)	Light & Wonder, Inc. (USA Mittelgroß (S&P 400))	Linde AG	Lufthansa AG (MDAX)	Lumo Kodit Oyj	LVMH Moët Hennessy Louis Vuitton (EURO STOXX 50 / STOXX Europe 50)	Macquarie Group Ltd. (Australien (ASX 200))	Mandatum Oyj	Mastercard Inc. (Dow Jones)	McDonald's Corp. (Dow Jones)	Meituan	Mercedes-Benz Group (DAX / EURO STOXX 50)	MetLife Inc.	Metro AG (SDAX)	Metso Oyj	Microsoft (Dow Jones)	Mitsubishi UFJ Financial Group (Tokio (Nikkei 225))	MTU Aero Engines (DAX)	Münchener Rückversicherungs-Gesellschaft (DAX / EURO STOXX 50)	National Australia Bank Ltd. (Australien (ASX 200))	Neste Oyj	Nestlé (STOXX Europe 50)	Newmont Corporation	Nike Inc. (Dow Jones)	Nokia (EURO STOXX 50)	Nordea Bank (EURO STOXX 50)	Novartis (STOXX Europe 50)	Novo Nordisk (STOXX Europe 50)	NVIDIA (Dow Jones)	Outokumpu Oyj	Pernod Ricard (EURO STOXX 50)	Ping An Insurance (Group) Co. of China Ltd.	Porsche AG Vz (DAX)	Porsche Automobil Holding (DAX)	ProCredit	Procter & Gamble Co. (Dow Jones)	Prosus (EURO STOXX 50)	Puma SE (MDAX)	Qt Group Oyj	Reliance, Inc. (USA Mittelgroß (S&P 400))	Rheinmetall AG (DAX)	Rio Tinto PLC	Roche Holding (ROP)	RWE AG (DAX)	Safran (EURO STOXX 50)	Saint-Gobain (EURO STOXX 50)	Salzgitter AG (SDAX)	Sanofi (EURO STOXX 50 / STOXX Europe 50)	SAP (DAX / EURO STOXX 50 / STOXX Europe 50)	Schaeffler AG (MDAX)	Schneider Electric (EURO STOXX 50)	Serviceware I	SFC Energy AG (SDAX)	Shell (STOXX Europe 50)	Shin-Etsu Chemical Co. Ltd. (Tokio (Nikkei 225))	Siemens (DAX / EURO STOXX 50 / STOXX Europe 50)	Siemens Energy AG (DAX)	Siemens Healthineers AG (DAX)	SoftBank	Sony Group Corp. (Tokio (Nikkei 225))	SSAB AB (B)	Stora Enso Oyj (R)	Stroeer SE & Co KGaA (MDAX)	Super Micro Computer	Symrise AG (DAX)	Süss MicroTec SE (SDAX)	TeamViewer SE (MDAX)	Tencent Holdings Ltd. (Hong Kong (Hang Seng))	The Coca-Cola Company (Dow Jones)	The Home Depot Inc. (Dow Jones)	Tietoevry Oyj	TotalEnergies SE (EURO STOXX 50 / STOXX Europe 50)	Toyota Motor Corp. (Tokio (Nikkei 225))	Traton SE (MDAX)	United Internet AG (MDAX)	UnitedHealth Group Inc. (Dow Jones)	UPM-Kymmene Oyj	Valmet Oyj	Vertex Pharmaceuticals (Dow Jones)	Vestas Wind Systems A/S	Visa Inc. (Dow Jones)	Vonovia SE (DAX)	Wacker Chemie AG (MDAX)	Westpac Banking Corp. (Australien (ASX 200))	Xylem Inc. (USA Mittelgroß (S&P 400))	Zalando SE (DAX)
2026-09-16 22:36:58	167.520000	81.220000	142.250000	843.500000	31.600000	75.800000	168.120000	194.380000	53.320000	110.000000	419.200000	339.010000	249.380000	406.040000	68.300000	335.920000	1503.200000	164.560000	12400.000000	43.970000	24.880000	12.528000	58.630000	52.300000	49.380000	78.180000	61.020000	37.300000	56.460000	98.430000	196.800000	571.800000	58.860000	52.150000	805.250000	3.930000	9.680000	28.080000	77.400000	41.070000	149.980000	69.180000	179.120000	60.140000	78.680000	36.470000	82.760000	30.930000	282.800000	26.890000	11.120000	56.480000	1642.500000	17.200000	8.821000	24.375000	144.700000	18.070000	67920.000000	360.650000	4.570000	81.890000	23.770000	23.640000	45.680000	39.260000	549.000000	97.140000	923.290000	77.150000	259.000000	143.100000	2.419000	1354.500000	393.400000	38.250000	29.840000	20.250000	52.900000	56.260000	31.515000	6.724000	338.560000	225.750000	77270.000000	39.260000	106.100000	51.800000	384.650000	82.700000	45.060000	114.280000	469.890000	7.574000	7.160000	397.100000	242.550000	6.145000	566.080000	237.020000	71.900000	41.245000	96.380000	7.200000	16.860000	497.930000	3031.000000	368.100000	512.600000	38.150000	33.940000	77.940000	117.150000	35.990000	9.070000	200.900000	118.960000	38.620000	224.580000	5.415000	59.580000	52.600000	44.410000	25.590000	9.030000	145.680000	35.440000	22.140000	32.660000	50.700000	990.000000	7066.000000	386.459000	59.160000	334.300000	69.820000	51.700000	72.100000	184.180000	6.540000	289.800000	13.100000	20.300000	3641.000000	5903.000000	274.800000	142.100000	37.210000	6244.000000	3663.000000	104.750000	10.355000	37.200000	41.025000	93.240000	69.700000	6.265000	438.400000	88.100000	292.180000	18.310000	81.050000	2969.000000	1.700000	25.720000	375.010000	25.360000	28.460000	522.380000	191.300000	367.980000	17.090000	87.100000	34.130000	102.660000	22.120000
2026-09-17 22:36:58	167.520000	81.220000	142.250000	843.500000	31.600000	75.800000	168.120000	194.380000	53.320000	110.000000	419.200000	339.010000	249.380000	406.040000	68.300000	335.920000	1503.200000	164.560000	12400.000000	43.970000	24.880000	12.528000	58.630000	52.300000	49.380000	78.180000	61.020000	37.300000	56.460000	98.430000	196.800000	571.800000	58.860000	52.150000	805.250000	3.930000	9.680000	28.080000	77.400000	41.070000	149.980000	69.180000	179.120000	60.140000	78.680000	36.470000	82.760000	30.930000	282.800000	26.890000	11.120000	56.480000	1642.500000	17.200000	8.821000	24.375000	144.700000	18.070000	67920.000000	360.650000	4.570000	81.890000	23.770000	23.640000	45.680000	39.260000	549.000000	97.140000	923.290000	77.150000	259.000000	143.100000	2.419000	1354.500000	393.400000	38.250000	29.840000	20.250000	52.900000	56.260000	31.515000	6.724000	338.560000	225.750000	77270.000000	39.260000	106.100000	51.800000	384.650000	82.700000	45.060000	114.280000	469.890000	7.574000	7.160000	397.100000	242.550000	6.145000	566.080000	237.020000	71.900000	41.245000	96.380000	7.200000	16.860000	497.930000	3031.000000	368.100000	512.600000	38.150000	33.940000	77.940000	117.150000	35.990000	9.070000	200.900000	118.960000	38.620000	224.580000	5.415000	59.580000	52.600000	44.410000	25.590000	9.030000	145.680000	35.440000	22.140000	32.660000	50.700000	990.000000	7066.000000	386.459000	59.160000	334.300000	69.820000	51.700000	72.100000	184.180000	6.540000	289.800000	13.100000	20.300000	3641.000000	5903.000000	274.800000	142.100000	37.210000	6244.000000	3663.000000	104.750000	10.355000	37.200000	41.025000	93.240000	69.700000	6.265000	438.400000	88.100000	292.180000	18.310000	81.050000	2969.000000	1.700000	25.720000	375.010000	25.360000	28.460000	522.380000	191.300000	367.980000	17.090000	87.100000	34.130000	102.660000	22.120000
2026-09-18 22:36:58	167.520000	81.220000	142.250000	843.500000	31.600000	75.800000	168.120000	194.380000	53.320000	110.000000	419.200000	339.010000	249.380000	406.040000	68.300000	335.920000	1503.200000	164.560000	12400.000000	43.970000	24.880000	12.528000	58.630000	52.300000	49.380000	78.180000	61.020000	37.300000	56.460000	98.430000	196.800000	571.800000	58.860000	52.150000	805.250000	3.930000	9.680000	28.080000	77.400000	41.070000	149.980000	69.180000	179.120000	60.140000	78.680000	36.470000	82.760000	30.930000	282.800000	26.890000	11.120000	56.480000	1642.500000	17.200000	8.821000	24.375000	144.700000	18.070000	67920.000000	360.650000	4.570000	81.890000	23.770000	23.640000	45.680000	39.260000	549.000000	97.140000	923.290000	77.150000	259.000000	143.100000	2.419000	1354.500000	393.400000	38.250000	29.840000	20.250000	52.900000	56.260000	31.515000	6.724000	338.560000	225.750000	77270.000000	39.260000	106.100000	51.800000	384.650000	82.700000	45.060000	114.280000	469.890000	7.574000	7.160000	397.100000	242.550000	6.145000	566.080000	237.020000	71.900000	41.245000	96.380000	7.200000	16.860000	497.930000	3031.000000	368.100000	512.600000	38.150000	33.940000	77.940000	117.150000	35.990000	9.070000	200.900000	118.960000	38.620000	224.580000	5.415000	59.580000	52.600000	44.410000	25.590000	9.030000	145.680000	35.440000	22.140000	32.660000	50.700000	990.000000	7066.000000	386.459000	59.160000	334.300000	69.820000	51.700000	72.100000	184.180000	6.540000	289.800000	13.100000	20.300000	3641.000000	5903.000000	274.800000	142.100000	37.210000	6244.000000	3663.000000	104.750000	10.355000	37.200000	41.025000	93.240000	69.700000	6.265000	438.400000	88.100000	292.180000	18.310000	81.050000	2969.000000	1.700000	25.720000	375.010000	25.360000	28.460000	522.380000	191.300000	367.980000	17.090000	87.100000	34.130000	102.660000	22.120000
2026-09-19 22:36:58	167.520000	81.220000	142.250000	843.500000	31.600000	75.800000	168.120000	194.380000	53.320000	110.000000	419.200000	339.010000	249.380000	406.040000	68.300000	335.920000	1503.200000	164.560000	12400.000000	43.970000	24.880000	12.528000	58.630000	52.300000	49.380000	78.180000	61.020000	37.300000	56.460000	98.430000	196.800000	571.800000	58.860000	52.150000	805.250000	3.930000	9.680000	28.080000	77.400000	41.070000	149.980000	69.180000	179.120000	60.140000	78.680000	36.470000	82.760000	30.930000	282.800000	26.890000	11.120000	56.480000	1642.500000	17.200000	8.821000	24.375000	144.700000	18.070000	67920.000000	360.650000	4.570000	81.890000	23.770000	23.640000	45.680000	39.260000	549.000000	97.140000	923.290000	77.150000	259.000000	143.100000	2.419000	1354.500000	393.400000	38.250000	29.840000	20.250000	52.900000	56.260000	31.515000	6.724000	338.560000	225.750000	77270.000000	39.260000	106.100000	51.800000	384.650000	82.700000	45.060000	114.280000	469.890000	7.574000	7.160000	397.100000	242.550000	6.145000	566.080000	237.020000	71.900000	41.245000	96.380000	7.200000	16.860000	497.930000	3031.000000	368.100000	512.600000	38.150000	33.940000	77.940000	117.150000	35.990000	9.070000	200.900000	118.960000	38.620000	224.580000	5.415000	59.580000	52.600000	44.410000	25.590000	9.030000	145.680000	35.440000	22.140000	32.660000	50.700000	990.000000	7066.000000	386.459000	59.160000	334.300000	69.820000	51.700000	72.100000	184.180000	6.540000	289.800000	13.100000	20.300000	3641.000000	5903.000000	274.800000	142.100000	37.210000	6244.000000	3663.000000	104.750000	10.355000	37.200000	41.025000	93.240000	69.700000	6.265000	438.400000	88.100000	292.180000	18.310000	81.050000	2969.000000	1.700000	25.720000	375.010000	25.360000	28.460000	522.380000	191.300000	367.980000	17.090000	87.100000	34.130000	102.660000	22.120000
2026-09-20 22:36:58	167.520000	81.220000	142.250000	843.500000	31.600000	75.800000	168.120000	194.380000	53.320000	110.000000	419.200000	339.010000	249.380000	406.040000	68.300000	335.920000	1503.200000	164.560000	12400.000000	43.970000	24.880000	12.528000	58.630000	52.300000	49.380000	78.180000	61.020000	37.300000	56.460000	98.430000	196.800000	571.800000	58.860000	52.150000	805.250000	3.930000	9.680000	28.080000	77.400000	41.070000	149.980000	69.180000	179.120000	60.140000	78.680000	36.470000	82.760000	30.930000	282.800000	26.890000	11.120000	56.480000	1642.500000	17.200000	8.821000	24.375000	144.700000	18.070000	67920.000000	360.650000	4.570000	81.890000	23.770000	23.640000	45.680000	39.260000	549.000000	97.140000	923.290000	77.150000	259.000000	143.100000	2.419000	1354.500000	393.400000	38.250000	29.840000	20.250000	52.900000	56.260000	31.515000	6.724000	338.560000	225.750000	77270.000000	39.260000	106.100000	51.800000	384.650000	82.700000	45.060000	114.280000	469.890000	7.574000	7.160000	397.100000	242.550000	6.145000	566.080000	237.020000	71.900000	41.245000	96.380000	7.200000	16.860000	497.930000	3031.000000	368.100000	512.600000	38.150000	33.940000	77.940000	117.150000	35.990000	9.070000	200.900000	118.960000	38.620000	224.580000	5.415000	59.580000	52.600000	44.410000	25.590000	9.030000	145.680000	35.440000	22.140000	32.660000	50.700000	990.000000	7066.000000	386.459000	59.160000	334.300000	69.820000	51.700000	72.100000	184.180000	6.540000	289.800000	13.100000	20.300000	3641.000000	5903.000000	274.800000	142.100000	37.210000	6244.000000	3663.000000	104.750000	10.355000	37.200000	41.025000	93.240000	69.700000	6.265000	438.400000	88.100000	292.180000	18.310000	81.050000	2969.000000	1.700000	25.720000	375.010000	25.360000	28.460000	522.380000	191.300000	367.980000	17.090000	87.100000	34.130000	102.660000	22.120000
2026-09-21 22:36:58	167.520000	81.220000	142.250000	843.500000	31.600000	75.800000	168.120000	194.380000	53.320000	110.000000	419.200000	339.010000	249.380000	406.040000	68.300000	335.920000	1503.200000	164.560000	12400.000000	43.970000	24.880000	12.528000	58.630000	52.300000	49.380000	78.180000	61.020000	37.300000	56.460000	98.430000	196.800000	571.800000	58.860000	52.150000	805.250000	3.930000	9.680000	28.080000	77.400000	41.070000	149.980000	69.180000	179.120000	60.140000	78.680000	36.470000	82.760000	30.930000	282.800000	26.890000	11.120000	56.480000	1642.500000	17.200000	8.821000	24.375000	144.700000	18.070000	67920.000000	360.650000	4.570000	81.890000	23.770000	23.640000	45.680000	39.260000	549.000000	97.140000	923.290000	77.150000	259.000000	143.100000	2.419000	1354.500000	393.400000	38.250000	29.840000	20.250000	52.900000	56.260000	31.515000	6.724000	338.560000	225.750000	77270.000000	39.260000	106.100000	51.800000	384.650000	82.700000	45.060000	114.280000	469.890000	7.574000	7.160000	397.100000	242.550000	6.145000	566.080000	237.020000	71.900000	41.245000	96.380000	7.200000	16.860000	497.930000	3031.000000	368.100000	512.600000	38.150000	33.940000	77.940000	117.150000	35.990000	9.070000	200.900000	118.960000	38.620000	224.580000	5.415000	59.580000	52.600000	44.410000	25.590000	9.030000	145.680000	35.440000	22.140000	32.660000	50.700000	990.000000	7066.000000	386.459000	59.160000	334.300000	69.820000	51.700000	72.100000	184.180000	6.540000	289.800000	13.100000	20.300000	3641.000000	5903.000000	274.800000	142.100000	37.210000	6244.000000	3663.000000	104.750000	10.355000	37.200000	41.025000	93.240000	69.700000	6.265000	438.400000	88.100000	292.180000	18.310000	81.050000	2969.000000	1.700000	25.720000	375.010000	25.360000	28.460000	522.380000	191.300000	367.980000	17.090000	87.100000	34.130000	102.660000	22.120000
2026-09-22 22:36:58	167.520000	81.220000	142.250000	843.500000	31.600000	75.800000	168.120000	194.380000	53.320000	110.000000	419.200000	339.010000	249.380000	406.040000	68.300000	335.920000	1503.200000	164.560000	12400.000000	43.970000	24.880000	12.528000	58.630000	52.300000	49.380000	78.180000	61.020000	37.300000	56.460000	98.430000	196.800000	571.800000	58.860000	52.150000	805.250000	3.930000	9.680000	28.080000	77.400000	41.070000	149.980000	69.180000	179.120000	60.140000	78.680000	36.470000	82.760000	30.930000	282.800000	26.890000	11.120000	56.480000	1642.500000	17.200000	8.821000	24.375000	144.700000	18.070000	67920.000000	360.650000	4.570000	81.890000	23.770000	23.640000	45.680000	39.260000	549.000000	97.140000	923.290000	77.150000	259.000000	143.100000	2.419000	1354.500000	393.400000	38.250000	29.840000	20.250000	52.900000	56.260000	31.515000	6.724000	338.560000	225.750000	77270.000000	39.260000	106.100000	51.800000	384.650000	82.700000	45.060000	114.280000	469.890000	7.574000	7.160000	397.100000	242.550000	6.145000	566.080000	237.020000	71.900000	41.245000	96.380000	7.200000	16.860000	497.930000	3031.000000	368.100000	512.600000	38.150000	33.940000	77.940000	117.150000	35.990000	9.070000	200.900000	118.960000	38.620000	224.580000	5.415000	59.580000	52.600000	44.410000	25.590000	9.030000	145.680000	35.440000	22.140000	32.660000	50.700000	990.000000	7066.000000	386.459000	59.160000	334.300000	69.820000	51.700000	72.100000	184.180000	6.540000	289.800000	13.100000	20.300000	3641.000000	5903.000000	274.800000	142.100000	37.210000	6244.000000	3663.000000	104.750000	10.355000	37.200000	41.025000	93.240000	69.700000	6.265000	438.400000	88.100000	292.180000	18.310000	81.050000	2969.000000	1.700000	25.720000	375.010000	25.360000	28.460000	522.380000	191.300000	367.980000	17.090000	87.100000	34.130000	102.660000	22.120000
2026-09-23 22:39:10	167.520000	81.220000	142.250000	843.500000	31.600000	75.800000	168.120000	194.380000	53.320000	110.000000	419.200000	339.010000	249.380000	406.040000	68.300000	335.920000	1503.200000	164.560000	12400.000000	43.970000	24.880000	12.528000	58.630000	52.300000	49.380000	78.180000	61.020000	37.300000	56.460000	98.430000	196.800000	571.800000	58.860000	52.150000	805.250000	3.930000	9.680000	28.080000	77.400000	41.070000	149.980000	69.180000	179.120000	60.140000	78.680000	36.470000	82.760000	30.930000	282.800000	26.890000	11.120000	56.480000	1642.500000	17.200000	8.821000	24.375000	144.700000	18.070000	67920.000000	360.650000	4.570000	81.890000	23.770000	23.640000	45.680000	39.260000	549.000000	97.140000	923.290000	77.150000	259.000000	143.100000	2.419000	1354.500000	393.400000	38.250000	29.840000	20.250000	52.900000	56.260000	31.515000	6.724000	338.560000	225.750000	77270.000000	39.260000	106.100000	51.800000	384.650000	82.700000	45.060000	114.280000	469.890000	7.574000	7.160000	397.100000	242.550000	6.145000	566.080000	237.020000	71.900000	41.245000	96.380000	7.200000	16.860000	497.930000	3031.000000	368.100000	512.600000	38.150000	33.940000	77.940000	117.150000	35.990000	9.070000	200.900000	118.960000	38.620000	224.580000	5.415000	59.580000	52.600000	44.410000	25.590000	9.030000	145.680000	35.440000	22.140000	32.660000	50.700000	990.000000	7066.000000	386.459000	59.160000	334.300000	69.820000	51.700000	72.100000	184.180000	6.540000	289.800000	13.100000	20.300000	3641.000000	5903.000000	274.800000	142.100000	37.210000	6244.000000	3663.000000	104.750000	10.355000	37.200000	41.025000	93.240000	69.700000	6.265000	438.400000	88.100000	292.180000	18.310000	81.050000	2969.000000	1.700000	25.720000	375.010000	25.360000	28.460000	522.380000	191.300000	367.980000	17.090000	87.100000	34.130000	102.660000	22.120000
2026-09-24 23:12:28	167.520000	81.220000	142.250000	843.500000	31.600000	75.800000	168.120000	194.380000	53.320000	110.000000	419.200000	339.010000	249.380000	406.040000	68.300000	335.920000	1503.200000	164.560000	12400.000000	43.970000	24.880000	12.528000	58.630000	52.300000	49.380000	78.180000	61.020000	37.300000	56.460000	98.430000	196.800000	571.800000	58.860000	52.150000	805.250000	3.930000	9.680000	28.080000	77.400000	41.070000	149.980000	69.180000	179.120000	60.140000	78.680000	36.470000	82.760000	30.930000	282.800000	26.890000	11.120000	56.480000	1642.500000	17.200000	8.821000	24.375000	144.700000	18.070000	67920.000000	360.650000	4.570000	81.890000	23.770000	23.640000	45.680000	39.260000	549.000000	97.140000	923.290000	77.150000	259.000000	143.100000	2.419000	1354.500000	393.400000	38.250000	29.840000	20.250000	52.900000	56.260000	31.515000	6.724000	338.560000	225.750000	77270.000000	39.260000	106.100000	51.800000	384.650000	82.700000	45.060000	114.280000	469.890000	7.574000	7.160000	397.100000	242.550000	6.145000	566.080000	237.020000	71.900000	41.245000	96.380000	7.200000	16.860000	497.930000	3031.000000	368.100000	512.600000	38.150000	33.940000	77.940000	117.150000	35.990000	9.070000	200.900000	118.960000	38.620000	224.580000	5.415000	59.580000	52.600000	44.410000	25.590000	9.030000	145.680000	35.440000	22.140000	32.660000	50.700000	990.000000	7066.000000	386.459000	59.160000	334.300000	69.820000	51.700000	72.100000	184.180000	6.540000	289.800000	13.100000	20.300000	3641.000000	5903.000000	274.800000	142.100000	37.210000	6244.000000	3663.000000	104.750000	10.355000	37.200000	41.025000	93.240000	69.700000	6.265000	438.400000	88.100000	292.180000	18.310000	81.050000	2969.000000	1.700000	25.720000	375.010000	25.360000	28.460000	522.380000	191.300000	367.980000	17.090000	87.100000	34.130000	102.660000	22.120000
2026-09-25 00:24:24	167.520000	81.220000	142.250000	843.500000	31.600000	75.800000	168.120000	194.380000	53.320000	110.000000	419.200000	339.010000	249.380000	406.040000	68.300000	335.920000	1503.200000	164.560000	12400.000000	43.970000	24.880000	12.528000	58.630000	52.300000	49.380000	78.180000	61.020000	37.300000	56.460000	98.430000	196.800000	571.800000	58.860000	52.150000	805.250000	3.930000	9.680000	28.080000	77.400000	41.070000	149.980000	69.180000	179.120000	60.140000	78.680000	36.470000	82.760000	30.930000	282.800000	26.890000	11.120000	56.480000	1642.500000	17.200000	8.821000	24.375000	144.700000	18.070000	67920.000000	360.650000	4.570000	81.890000	23.770000	23.640000	45.680000	39.260000	549.000000	97.140000	923.290000	77.150000	259.000000	143.100000	2.419000	1354.500000	393.400000	38.250000	29.840000	20.250000	52.900000	56.260000	31.515000	6.724000	338.560000	225.750000	77270.000000	39.260000	106.100000	51.800000	384.650000	82.700000	45.060000	114.280000	469.890000	7.574000	7.160000	397.100000	242.550000	6.145000	566.080000	237.020000	71.900000	41.245000	96.380000	7.200000	16.860000	497.930000	3031.000000	368.100000	512.600000	38.150000	33.940000	77.940000	117.150000	35.990000	9.070000	200.900000	118.960000	38.620000	224.580000	5.415000	59.580000	52.600000	44.410000	25.590000	9.030000	145.680000	35.440000	22.140000	32.660000	50.700000	990.000000	7066.000000	386.459000	59.160000	334.300000	69.820000	51.700000	72.100000	184.180000	6.540000	289.800000	13.100000	20.300000	3641.000000	5903.000000	274.800000	142.100000	37.210000	6244.000000	3663.000000	104.750000	10.355000	37.200000	41.025000	93.240000	69.700000	6.265000	438.400000	88.100000	292.180000	18.310000	81.050000	2969.000000	1.700000	25.720000	375.010000	25.360000	28.460000	522.380000	191.300000	367.980000	17.090000	87.100000	34.130000	102.660000	22.120000
2026-09-25 08:01:12	167.520000	81.220000	142.250000	843.500000	31.600000	73.200000	168.120000	194.380000	53.320000	107.900000	419.200000	339.010000	249.380000	406.040000	68.300000	335.920000	1503.200000	164.560000	12400.000000	43.970000	24.880000	12.528000	58.630000	52.300000	49.380000	78.180000	60.730000	37.300000	56.460000	98.430000	196.800000	571.800000	58.860000	52.150000	805.250000	3.930000	9.505000	28.080000	76.200000	41.070000	150.430000	69.180000	176.350000	60.140000	78.680000	36.470000	82.760000	30.930000	282.800000	26.890000	11.120000	56.480000	1642.500000	17.200000	8.821000	24.375000	144.700000	18.070000	68660.000000	360.650000	4.570000	81.890000	23.770000	23.640000	45.680000	39.260000	549.000000	97.140000	923.290000	77.150000	259.000000	143.100000	2.419000	1354.500000	388.000000	38.250000	29.840000	20.250000	52.900000	56.260000	31.515000	6.724000	338.560000	225.750000	79730.000000	39.260000	106.100000	51.800000	384.650000	82.700000	45.060000	110.790000	469.890000	7.574000	7.160000	397.100000	239.235000	6.145000	566.080000	237.020000	71.900000	41.245000	96.380000	7.200000	16.860000	497.930000	3023.000000	368.100000	512.600000	38.420000	33.940000	77.940000	117.150000	35.990000	9.070000	200.900000	118.960000	38.620000	224.580000	5.415000	59.580000	52.600000	44.410000	25.590000	9.030000	145.680000	35.440000	22.140000	32.660000	50.700000	990.000000	7066.000000	386.459000	59.160000	334.300000	69.820000	51.700000	72.100000	184.180000	6.540000	289.800000	13.100000	20.300000	3641.000000	5896.000000	274.800000	142.100000	37.210000	6244.000000	3714.000000	104.750000	10.355000	37.200000	41.025000	93.240000	69.700000	6.265000	434.200000	88.100000	292.180000	18.310000	81.050000	2999.000000	1.620000	25.720000	375.010000	25.360000	28.460000	522.380000	191.300000	367.980000	17.090000	87.100000	34.390000	102.660000	22.120000
2026-09-25 10:01:13	167.520000	81.220000	145.000000	847.400000	31.550000	73.750000	168.000000	191.000000	53.240000	108.300000	423.900000	339.010000	249.380000	406.040000	68.220000	335.920000	1533.600000	164.560000	12492.000000	43.990000	25.190000	12.660000	58.630000	52.030000	49.540000	78.440000	60.720000	37.300000	56.240000	99.360000	196.800000	558.100000	58.880000	52.150000	805.250000	3.955000	9.510000	28.080000	76.150000	42.060000	150.830000	68.900000	176.950000	60.060000	78.680000	36.410000	82.760000	31.550000	283.800000	26.950000	11.170000	56.820000	1641.000000	17.215000	8.897000	24.260000	142.550000	17.970000	68620.000000	359.150000	4.570000	81.890000	23.770000	23.700000	45.680000	40.260000	558.600000	97.140000	923.290000	77.150000	260.200000	144.000000	2.274000	1350.000000	388.800000	38.250000	29.840000	20.390000	53.100000	57.000000	32.080000	6.814000	338.560000	226.900000	79600.000000	40.260000	107.200000	51.800000	383.350000	83.100000	45.340000	110.500000	469.890000	7.686000	7.160000	397.450000	239.530000	6.145000	566.080000	237.020000	71.900000	41.195000	96.380000	7.000000	16.860000	497.930000	3039.000000	369.400000	513.200000	38.540000	33.940000	77.450000	117.150000	35.990000	9.422000	202.300000	119.300000	38.620000	224.580000	5.415000	59.200000	52.600000	44.810000	25.620000	9.030000	145.680000	35.480000	22.290000	32.660000	50.600000	987.900000	7066.000000	386.459000	59.540000	337.500000	69.980000	52.650000	71.820000	184.360000	6.630000	295.150000	13.100000	20.550000	3627.000000	5889.000000	278.900000	145.080000	37.570000	6244.000000	3710.000000	104.750000	10.355000	36.910000	41.025000	93.440000	69.700000	6.155000	435.800000	88.100000	292.180000	18.310000	80.370000	2989.500000	1.700000	25.740000	375.010000	25.360000	28.460000	522.380000	191.300000	367.980000	17.230000	87.000000	34.490000	102.660000	22.250000
2026-09-25 11:32:33	167.520000	81.220000	145.500000	851.700000	31.840000	73.750000	168.180000	191.460000	53.380000	108.400000	424.100000	339.010000	249.380000	406.040000	68.520000	335.920000	1539.400000	164.560000	12574.000000	44.040000	25.180000	12.644000	58.630000	52.195000	50.120000	79.180000	60.720000	37.300000	56.800000	99.330000	196.800000	554.800000	59.160000	52.150000	805.250000	3.985000	9.535000	28.080000	76.300000	42.180000	150.830000	69.460000	176.950000	59.800000	78.680000	36.480000	82.760000	31.570000	284.700000	26.910000	11.440000	56.900000	1648.000000	17.370000	8.919000	24.105000	143.750000	18.140000	68620.000000	358.800000	4.570000	81.890000	23.770000	23.780000	45.680000	40.370000	559.100000	97.140000	923.290000	77.150000	259.200000	145.600000	2.274000	1356.500000	388.400000	38.310000	29.840000	20.470000	53.640000	57.250000	32.130000	6.780000	338.560000	227.150000	79600.000000	40.360000	107.800000	51.800000	386.350000	83.300000	45.780000	110.500000	469.890000	7.736000	7.160000	398.800000	239.530000	6.145000	566.080000	237.020000	71.900000	41.440000	96.380000	7.200000	16.860000	497.930000	3039.000000	369.500000	514.400000	38.540000	33.940000	77.570000	117.150000	35.990000	9.416000	202.700000	119.860000	38.620000	224.580000	5.415000	59.420000	52.600000	45.500000	25.850000	9.030000	145.680000	35.660000	22.310000	32.660000	50.800000	973.800000	7066.000000	386.459000	59.960000	336.400000	70.580000	53.050000	71.950000	184.720000	6.710000	295.600000	13.100000	20.700000	3611.500000	5889.000000	280.650000	146.180000	37.930000	6244.000000	3710.000000	104.750000	10.355000	37.180000	41.025000	94.120000	69.700000	6.205000	436.600000	88.100000	292.180000	18.310000	79.790000	2989.500000	1.700000	25.900000	375.010000	25.360000	28.460000	522.380000	191.300000	367.980000	17.410000	87.900000	34.490000	102.660000	22.250000
2026-09-25 12:01:20	167.520000	81.220000	145.400000	854.600000	31.720000	73.750000	167.560000	190.920000	53.200000	108.400000	423.000000	339.010000	249.380000	406.040000	68.320000	335.920000	1538.400000	164.560000	12514.000000	43.920000	25.190000	12.634000	58.630000	51.890000	50.100000	78.740000	60.720000	37.300000	56.600000	99.440000	196.800000	553.460000	59.060000	52.150000	805.250000	4.005000	9.535000	28.080000	76.300000	42.140000	150.830000	69.220000	176.950000	59.600000	78.680000	36.470000	82.760000	31.530000	284.300000	26.880000	11.490000	56.980000	1642.500000	17.335000	8.890000	24.045000	143.450000	18.080000	68620.000000	356.550000	4.570000	81.890000	23.770000	23.780000	45.680000	40.320000	558.715000	97.140000	923.290000	77.150000	258.600000	145.700000	2.295000	1358.000000	388.400000	38.380000	29.840000	20.430000	53.580000	56.980000	32.080000	6.771000	338.560000	227.050000	79600.000000	40.320000	107.500000	51.800000	384.200000	83.300000	45.540000	110.500000	469.890000	7.720000	7.160000	398.150000	239.530000	6.145000	566.080000	237.020000	71.900000	41.295000	96.380000	7.200000	16.860000	497.930000	3039.000000	369.000000	513.200000	38.540000	33.940000	77.380000	117.150000	35.990000	9.364000	202.200000	119.600000	38.620000	224.580000	5.415000	59.080000	52.600000	45.430000	25.780000	9.030000	145.680000	35.675000	22.260000	32.660000	50.800000	974.100000	7066.000000	386.459000	59.860000	336.100000	70.380000	53.550000	71.740000	184.680000	6.650000	294.700000	13.100000	20.700000	3608.000000	5889.000000	279.375000	146.540000	37.720000	6244.000000	3710.000000	104.750000	10.355000	43.000000	41.025000	93.560000	69.700000	6.180000	436.600000	88.100000	292.180000	18.310000	79.710000	2989.500000	1.700000	25.840000	375.010000	25.360000	28.460000	522.380000	191.300000	367.980000	17.275000	87.350000	34.490000	102.660000	22.250000
2026-09-25 12:22:53	167.520000	81.220000	145.400000	855.600000	31.720000	73.750000	167.740000	190.960000	53.200000	108.400000	423.400000	339.010000	249.380000	406.040000	68.340000	335.920000	1538.000000	164.560000	12490.000000	43.950000	25.220000	12.648000	58.630000	51.930000	49.900000	78.680000	60.720000	37.300000	56.660000	99.490000	196.800000	553.700000	59.340000	52.150000	805.250000	4.000000	9.535000	28.080000	76.300000	42.140000	150.830000	69.660000	176.950000	59.680000	78.680000	36.420000	82.760000	31.655000	283.900000	26.920000	11.430000	56.920000	1643.000000	17.315000	8.876000	24.015000	143.600000	18.060000	68620.000000	356.200000	4.570000	81.890000	23.770000	23.800000	45.680000	40.210000	557.400000	97.140000	923.290000	77.150000	258.600000	145.400000	2.295000	1356.500000	388.400000	38.340000	29.840000	20.430000	53.400000	56.900000	32.085000	6.771000	338.560000	226.900000	79600.000000	40.210000	107.400000	51.800000	384.400000	83.300000	45.580000	110.500000	469.890000	7.720000	7.160000	397.200000	239.530000	6.145000	566.080000	237.020000	71.900000	41.450000	96.380000	7.200000	16.860000	497.930000	3039.000000	370.000000	512.400000	38.540000	33.940000	77.380000	117.150000	35.990000	9.374000	202.200000	119.360000	38.620000	224.580000	5.415000	59.140000	52.600000	45.370000	25.800000	9.030000	145.680000	35.705000	22.220000	32.660000	50.900000	976.500000	7066.000000	386.459000	59.860000	336.000000	70.340000	53.600000	71.610000	184.660000	6.680000	294.300000	13.100000	20.700000	3605.500000	5889.000000	278.850000	146.280000	37.700000	6244.000000	3710.000000	104.750000	10.355000	37.240000	41.025000	93.620000	69.700000	6.175000	436.600000	88.100000	292.180000	18.310000	79.680000	2989.500000	1.700000	25.870000	375.010000	25.360000	28.460000	522.380000	191.300000	367.980000	17.270000	87.250000	34.490000	102.660000	22.090000
2026-09-25 12:26:10	167.520000	81.220000	145.500000	857.500000	31.730000	73.750000	167.680000	190.940000	53.140000	108.400000	423.500000	339.010000	249.380000	406.040000	68.360000	335.920000	1538.800000	164.560000	12483.000000	43.950000	25.240000	12.656000	58.630000	51.960000	49.870000	78.800000	60.720000	37.300000	56.680000	99.520000	196.800000	553.400000	59.300000	52.150000	805.250000	4.000000	9.535000	28.080000	76.300000	42.150000	150.830000	69.740000	176.950000	59.680000	78.680000	36.400000	82.760000	31.650000	284.100000	26.920000	11.430000	56.960000	1643.000000	17.335000	8.891000	24.010000	143.950000	18.040000	68620.000000	356.300000	4.570000	81.890000	23.770000	23.800000	45.680000	40.160000	557.300000	97.140000	923.290000	77.150000	258.600000	145.350000	2.295000	1355.500000	388.400000	38.340000	29.840000	20.440000	53.440000	56.820000	32.095000	6.769000	338.560000	226.950000	79600.000000	40.160000	107.400000	51.800000	384.400000	83.000000	45.520000	110.500000	469.890000	7.722000	7.160000	396.850000	239.530000	6.145000	566.080000	237.020000	71.900000	41.445000	96.380000	7.200000	16.860000	497.930000	3039.000000	370.200000	512.600000	38.540000	33.940000	77.410000	117.150000	35.990000	9.382000	202.300000	119.360000	38.620000	224.580000	5.415000	59.240000	52.600000	45.340000	25.800000	9.030000	145.680000	35.740000	22.250000	32.660000	50.900000	975.900000	7066.000000	386.459000	59.900000	336.100000	70.340000	53.500000	71.480000	184.580000	6.680000	294.200000	13.100000	20.700000	3604.000000	5889.000000	278.950000	146.580000	37.690000	6244.000000	3710.000000	104.750000	10.355000	37.240000	41.025000	93.600000	69.700000	6.175000	436.600000	88.100000	292.180000	18.310000	79.630000	2989.500000	1.700000	25.840000	375.010000	25.360000	28.460000	522.380000	191.300000	367.980000	17.270000	87.300000	34.490000	102.660000	22.150000
2026-09-25 12:43:15	167.520000	81.220000	145.700000	857.200000	31.720000	73.750000	167.720000	190.420000	53.180000	108.400000	423.300000	339.010000	249.380000	406.040000	68.380000	335.920000	1539.800000	164.560000	12490.000000	44.000000	25.210000	12.652000	58.630000	52.100000	49.890000	78.700000	60.720000	37.300000	56.840000	99.560000	196.800000	554.500000	59.600000	52.150000	805.250000	3.960000	9.535000	28.080000	76.300000	42.170000	150.830000	69.740000	176.950000	59.810000	78.680000	36.410000	82.760000	31.670000	284.300000	26.980000	11.490000	56.960000	1642.000000	17.335000	8.897000	24.065000	144.250000	18.090000	68620.000000	357.100000	4.570000	81.890000	23.770000	23.860000	45.680000	40.220000	556.595000	97.140000	923.290000	77.150000	258.600000	145.200000	2.295000	1356.000000	388.400000	38.340000	29.840000	20.430000	53.460000	56.890000	32.095000	6.771000	338.560000	227.500000	79600.000000	40.220000	107.400000	51.800000	384.900000	83.000000	45.540000	110.500000	469.890000	7.718000	7.160000	397.550000	239.530000	6.145000	566.080000	237.020000	71.900000	41.530000	96.380000	7.200000	16.860000	497.930000	3039.000000	369.400000	512.200000	38.540000	33.940000	77.370000	117.150000	35.990000	9.372000	202.200000	119.380000	38.620000	224.580000	5.415000	59.220000	52.600000	45.500000	25.860000	9.030000	145.680000	35.830000	22.300000	32.660000	51.000000	978.400000	7066.000000	386.459000	59.940000	336.200000	70.460000	53.450000	71.420000	184.620000	6.680000	294.500000	13.100000	20.700000	3611.000000	5889.000000	279.000000	146.360000	37.770000	6244.000000	3710.000000	104.750000	10.355000	37.280000	41.025000	93.300000	69.750000	6.190000	436.600000	88.100000	292.180000	18.310000	79.810000	2989.500000	1.700000	25.840000	375.010000	25.360000	28.460000	522.380000	191.300000	367.980000	17.280000	87.250000	34.490000	102.660000	22.160000
2026-09-25 13:27:14	167.520000	81.220000	145.850000	859.000000	31.710000	73.750000	167.540000	190.700000	53.080000	108.400000	423.500000	339.010000	249.380000	406.040000	68.340000	335.920000	1538.800000	164.560000	12462.000000	44.020000	25.240000	12.676000	58.630000	51.520000	49.660000	78.650000	60.720000	37.300000	56.660000	99.660000	196.800000	553.533000	59.520000	52.150000	805.250000	3.955000	9.535000	28.080000	76.300000	42.270000	150.830000	69.480000	176.950000	59.680000	78.680000	36.420000	82.760000	31.840000	284.700000	26.940000	11.460000	57.200000	1644.000000	17.310000	8.911000	24.020000	143.850000	18.940000	68620.000000	356.000000	4.570000	81.890000	23.770000	23.820000	45.680000	40.130000	556.900000	97.140000	923.290000	77.150000	257.800000	145.300000	2.295000	1352.000000	388.400000	38.360000	29.840000	20.420000	53.460000	56.950000	32.090000	6.770000	338.560000	227.500000	79600.000000	40.150000	107.500000	51.800000	385.000000	82.700000	45.680000	110.500000	469.890000	7.726000	7.160000	398.700000	239.530000	6.145000	566.080000	237.020000	71.900000	41.345000	96.380000	7.220000	16.860000	497.930000	3039.000000	370.600000	512.000000	38.540000	33.940000	77.370000	117.150000	35.990000	9.324000	202.500000	119.240000	38.620000	224.580000	5.415000	59.180000	52.600000	45.350000	25.770000	9.030000	145.680000	36.020000	22.330000	32.660000	50.800000	982.000000	7066.000000	386.459000	59.980000	337.600000	70.360000	53.350000	71.260000	185.040000	6.670000	294.600000	13.100000	20.650000	3605.000000	5889.000000	279.750000	145.600000	37.720000	6244.000000	3710.000000	104.750000	10.355000	37.380000	41.025000	93.420000	69.700000	6.190000	436.600000	88.100000	292.180000	18.310000	79.620000	2989.500000	1.700000	25.860000	375.010000	25.360000	28.460000	522.380000	191.300000	367.980000	17.345000	87.600000	34.490000	102.660000	22.140000
2026-09-25 14:01:21	167.520000	81.220000	146.050000	859.600000	31.710000	73.750000	167.580000	191.400000	52.960000	108.400000	424.100000	339.010000	249.380000	406.040000	68.420000	335.920000	1537.200000	164.560000	12470.000000	44.040000	25.230000	12.692000	58.630000	51.170000	49.740000	78.840000	60.720000	37.300000	56.540000	99.930000	196.800000	553.400000	59.380000	52.150000	805.250000	3.950000	9.535000	28.080000	76.300000	42.310000	150.830000	69.220000	176.950000	59.720000	78.680000	36.400000	82.760000	31.740000	284.700000	26.960000	11.460000	57.180000	1642.000000	17.315000	8.915000	24.020000	143.650000	19.250000	68620.000000	355.150000	4.570000	81.890000	23.770000	23.820000	45.680000	40.080000	554.700000	97.140000	923.290000	77.150000	258.000000	145.250000	2.295000	1348.500000	388.400000	38.300000	29.840000	20.400000	53.460000	56.910000	32.060000	6.767000	338.560000	227.100000	79600.000000	40.080000	107.400000	51.800000	384.350000	82.800000	45.540000	110.500000	469.890000	7.704000	7.160000	397.950000	239.530000	6.145000	566.080000	237.020000	71.900000	41.270000	96.380000	7.220000	16.860000	497.930000	3039.000000	370.900000	512.400000	38.540000	33.940000	77.380000	117.150000	35.990000	9.264000	202.400000	119.420000	38.620000	224.580000	5.415000	59.200000	52.600000	45.240000	25.710000	9.030000	145.680000	36.050000	22.340000	32.660000	50.900000	981.300000	7066.000000	386.459000	59.920000	337.900000	70.240000	53.100000	71.470000	184.480000	6.630000	293.800000	13.100000	20.600000	3598.000000	5889.000000	279.600000	144.960000	37.620000	6244.000000	3710.000000	104.750000	10.355000	37.340000	41.025000	93.280000	69.600000	6.175000	436.600000	88.100000	292.180000	18.310000	79.600000	2989.500000	1.700000	25.900000	375.010000	25.360000	28.460000	522.380000	191.300000	367.980000	17.255000	87.350000	34.490000	102.660000	22.130000
2026-09-25 15:12:32	167.520000	81.220000	145.800000	859.900000	31.760000	73.750000	167.320000	193.040000	52.860000	108.400000	423.400000	339.010000	249.380000	406.040000	68.500000	335.920000	1533.400000	164.560000	12482.000000	43.980000	25.180000	12.666000	58.630000	51.260000	50.100000	78.620000	60.720000	37.300000	56.320000	99.800000	196.800000	553.300000	59.560000	52.150000	805.250000	4.020000	9.535000	28.080000	76.300000	42.340000	150.830000	69.020000	176.950000	59.560000	78.680000	36.370000	82.760000	31.735000	284.400000	27.010000	11.320000	57.200000	1640.500000	17.270000	8.887000	23.990000	144.050000	19.560000	68620.000000	355.700000	4.570000	81.890000	23.770000	23.840000	45.680000	39.690000	554.600000	97.140000	923.290000	77.150000	257.800000	145.050000	2.295000	1346.500000	388.400000	38.280000	29.840000	20.380000	53.380000	56.950000	32.010000	6.765000	338.560000	227.350000	79600.000000	39.690000	107.600000	51.800000	382.100000	82.500000	45.580000	110.500000	469.890000	7.692000	7.160000	396.050000	239.530000	6.145000	566.080000	237.020000	71.900000	41.155000	96.380000	7.220000	16.860000	497.930000	3039.000000	371.800000	511.400000	38.540000	33.940000	77.370000	117.150000	35.990000	9.284000	202.100000	119.560000	38.620000	224.580000	5.415000	59.100000	52.600000	45.410000	25.760000	9.030000	145.680000	36.015000	22.330000	32.660000	51.000000	980.400000	7066.000000	386.459000	59.700000	338.200000	69.960000	52.750000	71.580000	184.300000	6.640000	292.450000	13.100000	20.550000	3587.500000	5889.000000	278.750000	144.880000	37.580000	6244.000000	3710.000000	104.750000	10.355000	37.300000	41.025000	92.980000	68.800000	6.165000	436.600000	88.100000	292.180000	18.310000	79.310000	2989.500000	1.700000	25.900000	375.010000	25.360000	28.460000	522.380000	191.300000	367.980000	17.245000	87.800000	34.490000	102.660000	22.050000
2026-09-25 15:34:51	168.600000	81.220000	146.050000	861.000000	31.700000	73.750000	167.520000	192.540000	52.960000	108.400000	423.800000	342.170000	249.305000	404.990000	68.320000	335.320000	1533.200000	166.030000	12508.000000	43.970000	25.190000	12.662000	58.630000	51.050000	50.260000	78.860000	60.720000	37.300000	56.200000	99.730000	197.417000	552.400000	59.560000	52.150000	811.114000	3.980000	9.535000	28.080000	76.300000	42.280000	150.830000	69.060000	176.950000	59.540000	78.780000	36.370000	83.550000	31.660000	284.800000	26.950000	11.310000	57.260000	1641.000000	17.290000	8.894000	23.935000	143.750000	19.610000	68620.000000	355.850000	4.570000	79.925000	23.770000	23.800000	45.680000	39.750000	555.200000	97.140000	926.655000	77.060000	257.200000	145.300000	2.295000	1344.500000	388.400000	38.265000	29.840000	20.400000	53.300000	57.010000	31.975000	6.761000	339.920000	227.450000	79600.000000	39.750000	107.600000	51.800000	382.600000	82.500000	45.480000	110.500000	469.890000	7.700000	7.160000	396.400000	239.530000	6.145000	566.230000	236.161000	71.900000	41.095000	96.380000	7.220000	16.860000	508.350000	3039.000000	371.300000	510.400000	38.540000	33.940000	77.270000	117.150000	35.450000	9.184000	202.000000	119.620000	38.805000	226.325000	5.415000	59.200000	52.600000	45.340000	25.770000	9.030000	145.915000	35.910000	22.290000	32.660000	51.000000	984.100000	7066.000000	386.459000	59.800000	337.900000	69.980000	53.150000	71.650000	184.180000	6.590000	292.400000	13.100000	20.750000	3587.500000	5889.000000	278.950000	145.040000	37.630000	6244.000000	3710.000000	104.750000	10.355000	37.200000	41.025000	93.080000	68.700000	6.150000	436.600000	87.770000	293.000000	18.310000	79.350000	2989.500000	1.700000	25.820000	374.760000	25.360000	28.460000	520.710000	191.300000	366.709000	17.230000	87.650000	34.490000	102.890000	22.040000
2026-09-25 16:01:37	168.660000	81.220000	145.900000	856.000000	31.660000	73.750000	167.860000	193.000000	53.300000	108.400000	421.900000	340.635000	248.520000	408.723000	68.180000	335.920000	1533.400000	165.220000	12464.000000	43.850000	25.090000	12.624000	58.630000	51.110000	49.990000	78.860000	60.720000	37.300000	55.920000	99.770000	197.670000	551.900000	59.760000	52.150000	822.615000	3.980000	9.535000	28.080000	76.300000	42.200000	150.830000	69.640000	176.950000	59.480000	79.065000	36.360000	82.970000	31.690000	285.500000	26.780000	11.280000	57.220000	1642.000000	17.215000	8.865000	23.945000	143.650000	19.650000	68620.000000	355.750000	4.570000	81.235000	23.770000	23.760000	45.680000	39.860000	555.400000	97.140000	918.985000	77.400000	256.800000	145.000000	2.295000	1346.000000	388.400000	38.270000	29.840000	20.370000	53.240000	57.230000	31.885000	6.749000	339.420000	226.900000	79600.000000	39.860000	107.800000	51.800000	382.050000	82.400000	45.420000	110.500000	469.890000	7.670000	7.160000	396.750000	239.530000	6.145000	564.860000	237.677000	71.900000	41.145000	96.380000	7.220000	16.860000	514.620000	3039.000000	372.300000	509.400000	38.540000	33.940000	77.340000	117.150000	35.625000	9.244000	201.700000	119.460000	38.570000	225.030000	5.415000	59.180000	52.600000	45.290000	25.700000	9.030000	145.935000	35.880000	22.210000	32.660000	51.000000	983.100000	7066.000000	386.459000	59.500000	338.000000	69.940000	52.800000	71.440000	185.460000	6.610000	292.300000	13.100000	20.750000	3587.000000	5889.000000	278.600000	144.340000	37.700000	6244.000000	3710.000000	104.750000	10.355000	37.300000	41.025000	93.160000	67.900000	6.185000	436.600000	87.980000	292.290000	18.310000	79.610000	2989.500000	1.700000	25.660000	373.360000	25.360000	28.460000	521.003000	191.300000	365.265000	17.200000	87.750000	34.490000	102.675000	22.000000
2026-09-25 20:01:23	169.860000	81.220000	146.500000	875.500000	31.760000	73.750000	167.500000	192.400000	53.300000	108.400000	423.500000	341.060000	250.100000	411.780000	67.680000	339.920000	1522.600000	166.280000	12552.000000	44.000000	25.200000	12.572000	58.630000	50.420000	50.020000	78.560000	60.720000	37.300000	55.720000	99.300000	199.400000	558.500000	59.560000	52.150000	816.115000	3.970000	9.535000	28.080000	76.300000	42.190000	150.830000	69.000000	176.950000	59.560000	79.140000	36.300000	84.830000	31.760000	284.800000	27.000000	11.170000	57.200000	1642.000000	17.185000	8.913000	24.090000	143.900000	19.370000	68620.000000	357.050000	4.570000	81.565000	23.770000	23.740000	46.190000	39.480000	561.100000	97.140000	931.310000	77.915000	257.800000	144.000000	2.259000	1347.500000	388.400000	38.140000	29.840000	20.330000	53.260000	56.710000	31.795000	6.788000	341.575000	223.350000	79600.000000	39.480000	107.700000	51.800000	381.850000	82.800000	45.260000	110.500000	469.890000	7.636000	7.160000	396.850000	239.530000	6.145000	568.360000	237.475000	71.900000	41.285000	96.380000	7.200000	16.860000	518.095000	3039.000000	369.900000	510.400000	38.540000	33.940000	77.170000	117.150000	35.895000	9.128000	201.600000	119.800000	38.555000	224.760000	5.415000	59.040000	52.600000	45.630000	25.770000	9.030000	146.050000	36.090000	22.360000	32.660000	50.700000	982.400000	7066.000000	386.459000	59.400000	336.300000	69.820000	52.400000	71.790000	185.920000	6.630000	291.000000	13.100000	20.400000	3611.000000	5889.000000	278.300000	142.600000	37.790000	6244.000000	3710.000000	104.750000	10.355000	37.340000	41.025000	93.080000	67.200000	6.155000	436.600000	88.000000	294.320000	18.310000	79.990000	2989.500000	1.700000	25.840000	377.040000	25.360000	28.460000	524.330000	191.300000	367.880000	17.170000	87.450000	34.490000	102.700000	22.030000
2026-09-26 08:01:12	169.550000	81.220000	146.500000	875.500000	31.760000	73.750000	167.500000	192.400000	53.300000	108.400000	423.500000	341.080000	249.670000	414.610000	67.680000	341.070000	1522.600000	166.580000	12552.000000	44.000000	25.200000	12.572000	58.630000	50.420000	50.020000	78.560000	60.720000	37.300000	55.720000	99.300000	198.070000	558.500000	59.560000	52.150000	821.580000	3.970000	9.535000	28.080000	76.300000	42.190000	150.830000	69.000000	176.950000	59.560000	78.670000	36.300000	84.940000	31.760000	284.800000	27.000000	11.170000	57.200000	1642.000000	17.185000	8.913000	24.090000	143.900000	19.370000	68620.000000	357.050000	4.570000	83.230000	23.770000	23.740000	46.190000	39.480000	561.100000	97.140000	935.450000	77.860000	257.800000	144.000000	2.259000	1347.500000	388.400000	38.140000	29.840000	20.330000	53.260000	56.710000	31.795000	6.788000	343.060000	223.350000	79600.000000	39.480000	107.700000	51.800000	381.850000	82.800000	45.260000	110.500000	469.890000	7.636000	7.160000	396.850000	239.530000	6.145000	567.650000	236.500000	71.900000	41.285000	96.380000	7.200000	16.860000	516.170000	3039.000000	369.900000	510.400000	38.540000	33.940000	77.170000	117.150000	35.750000	9.128000	201.600000	119.800000	38.800000	225.070000	5.415000	59.040000	52.600000	45.630000	25.770000	9.030000	146.230000	36.090000	22.360000	32.660000	50.700000	982.400000	7066.000000	386.459000	59.400000	336.300000	69.820000	52.400000	71.790000	185.920000	6.630000	291.000000	13.100000	20.400000	3611.000000	5889.000000	278.300000	142.600000	37.790000	6244.000000	3710.000000	104.750000	10.355000	37.340000	41.025000	93.080000	67.200000	6.155000	436.600000	87.810000	293.200000	18.310000	79.990000	2989.500000	1.700000	25.840000	376.590000	25.360000	28.460000	526.190000	191.300000	367.380000	17.170000	87.450000	34.490000	102.630000	22.030000
2026-09-26 10:01:13	169.550000	81.220000	146.500000	875.500000	31.760000	73.750000	167.500000	192.400000	53.300000	108.400000	423.500000	341.080000	249.670000	414.610000	67.680000	341.070000	1522.600000	166.580000	12552.000000	44.000000	25.200000	12.572000	58.630000	50.420000	50.020000	78.560000	60.720000	37.300000	55.720000	99.300000	198.070000	558.500000	59.560000	52.150000	821.580000	3.970000	9.535000	28.080000	76.300000	42.190000	150.830000	69.000000	176.950000	59.560000	78.670000	36.300000	84.940000	31.760000	284.800000	27.000000	11.170000	57.200000	1642.000000	17.185000	8.913000	24.090000	143.900000	19.370000	68620.000000	357.050000	4.570000	83.230000	23.770000	23.740000	46.190000	39.480000	561.100000	97.140000	935.450000	77.860000	257.800000	144.000000	2.259000	1347.500000	388.400000	38.140000	29.840000	20.330000	53.260000	56.710000	31.795000	6.788000	343.060000	223.350000	79600.000000	39.480000	107.700000	51.800000	381.850000	82.800000	45.260000	110.500000	469.890000	7.636000	7.160000	396.850000	239.530000	6.145000	567.650000	236.500000	71.900000	41.285000	96.380000	7.200000	16.860000	516.170000	3039.000000	369.900000	510.400000	38.540000	33.940000	77.170000	117.150000	35.750000	9.128000	201.600000	119.800000	38.800000	225.070000	5.415000	59.040000	52.600000	45.630000	25.770000	9.030000	146.230000	36.090000	22.360000	32.660000	50.700000	982.400000	7066.000000	386.459000	59.400000	336.300000	69.820000	52.400000	71.790000	185.920000	6.630000	291.000000	13.100000	20.400000	3611.000000	5889.000000	278.300000	142.600000	37.790000	6244.000000	3710.000000	104.750000	10.355000	37.340000	41.025000	93.080000	67.200000	6.155000	436.600000	87.810000	293.200000	18.310000	79.990000	2989.500000	1.630000	25.840000	376.590000	25.360000	28.460000	526.190000	191.300000	367.380000	17.170000	87.450000	34.490000	102.630000	22.030000
2026-09-26 12:01:11	169.550000	81.220000	146.500000	875.500000	31.760000	73.750000	167.500000	192.400000	53.300000	108.400000	423.500000	341.080000	249.670000	414.610000	67.680000	341.070000	1522.600000	166.580000	12552.000000	44.000000	25.200000	12.572000	58.630000	50.420000	50.020000	78.560000	60.720000	37.300000	55.720000	99.300000	198.070000	558.500000	59.560000	52.150000	821.580000	3.970000	9.535000	28.080000	76.300000	42.190000	150.830000	69.000000	176.950000	59.560000	78.670000	36.300000	84.940000	31.760000	284.800000	27.000000	11.170000	57.200000	1642.000000	17.185000	8.913000	24.090000	143.900000	19.370000	68620.000000	357.050000	4.570000	83.230000	23.770000	23.740000	46.190000	39.480000	561.100000	97.140000	935.450000	77.860000	257.800000	144.000000	2.259000	1347.500000	388.400000	38.140000	29.840000	20.330000	53.260000	56.710000	31.795000	6.788000	343.060000	223.350000	79600.000000	39.480000	107.700000	51.800000	381.850000	82.800000	45.260000	110.500000	469.890000	7.636000	7.160000	396.850000	239.530000	6.145000	567.650000	236.500000	71.900000	41.285000	96.380000	7.200000	16.860000	516.170000	3039.000000	369.900000	510.400000	38.540000	33.940000	77.170000	117.150000	35.750000	9.128000	201.600000	119.800000	38.800000	225.070000	5.415000	59.040000	52.600000	45.630000	25.770000	9.030000	146.230000	36.090000	22.360000	32.660000	50.700000	982.400000	7066.000000	386.459000	59.400000	336.300000	69.820000	52.400000	71.790000	185.920000	6.630000	291.000000	13.100000	20.400000	3611.000000	5889.000000	278.300000	142.600000	37.790000	6244.000000	3710.000000	104.750000	10.355000	37.340000	41.025000	93.080000	67.200000	6.155000	436.600000	87.810000	293.200000	18.310000	79.990000	2989.500000	1.630000	25.840000	376.590000	25.360000	28.460000	526.190000	191.300000	367.380000	17.170000	87.450000	34.490000	102.630000	22.030000
2026-09-26 14:01:12	169.550000	81.220000	146.500000	875.500000	31.760000	73.750000	167.500000	192.400000	53.300000	108.400000	423.500000	341.080000	249.670000	414.610000	67.680000	341.070000	1522.600000	166.580000	12552.000000	44.000000	25.200000	12.572000	58.630000	50.420000	50.020000	78.560000	60.720000	37.300000	55.720000	99.300000	198.070000	558.500000	59.560000	52.150000	821.580000	3.970000	9.535000	28.080000	76.300000	42.190000	150.830000	69.000000	176.950000	59.560000	78.670000	36.300000	84.940000	31.760000	284.800000	27.000000	11.170000	57.200000	1642.000000	17.185000	8.913000	24.090000	143.900000	19.370000	68620.000000	357.050000	4.570000	83.230000	23.770000	23.740000	46.190000	39.480000	561.100000	97.140000	935.450000	77.860000	257.800000	144.000000	2.259000	1347.500000	388.400000	38.140000	29.840000	20.330000	53.260000	56.710000	31.795000	6.788000	343.060000	223.350000	79600.000000	39.480000	107.700000	51.800000	381.850000	82.800000	45.260000	110.500000	469.890000	7.636000	7.160000	396.850000	239.530000	6.145000	567.650000	236.500000	71.900000	41.285000	96.380000	7.200000	16.860000	516.170000	3039.000000	369.900000	510.400000	38.540000	33.940000	77.170000	117.150000	35.750000	9.128000	201.600000	119.800000	38.800000	225.070000	5.415000	59.040000	52.600000	45.630000	25.770000	9.030000	146.230000	36.090000	22.360000	32.660000	50.700000	982.400000	7066.000000	386.459000	59.400000	336.300000	69.820000	52.400000	71.790000	185.920000	6.630000	291.000000	13.100000	20.400000	3611.000000	5889.000000	278.300000	142.600000	37.790000	6244.000000	3710.000000	104.750000	10.355000	37.340000	41.025000	93.080000	67.200000	6.155000	436.600000	87.810000	293.200000	18.310000	79.990000	2989.500000	1.630000	25.840000	376.590000	25.360000	28.460000	526.190000	191.300000	367.380000	17.170000	87.450000	34.490000	102.630000	22.030000
2026-09-26 16:01:12	169.550000	81.220000	146.500000	875.500000	31.760000	73.750000	167.500000	192.400000	53.300000	108.400000	423.500000	341.080000	249.670000	414.610000	67.680000	341.070000	1522.600000	166.580000	12552.000000	44.000000	25.200000	12.572000	58.630000	50.420000	50.020000	78.560000	60.720000	37.300000	55.720000	99.300000	198.070000	558.500000	59.560000	52.150000	821.580000	3.970000	9.535000	28.080000	76.300000	42.190000	150.830000	69.000000	176.950000	59.560000	78.670000	36.300000	84.940000	31.760000	284.800000	27.000000	11.170000	57.200000	1642.000000	17.185000	8.913000	24.090000	143.900000	19.370000	68620.000000	357.050000	4.570000	83.230000	23.770000	23.740000	46.190000	39.480000	561.100000	97.140000	935.450000	77.860000	257.800000	144.000000	2.259000	1347.500000	388.400000	38.140000	29.840000	20.330000	53.260000	56.710000	31.795000	6.788000	343.060000	223.350000	79600.000000	39.480000	107.700000	51.800000	381.850000	82.800000	45.260000	110.500000	469.890000	7.636000	7.160000	396.850000	239.530000	6.145000	567.650000	236.500000	71.900000	41.285000	96.380000	7.200000	16.860000	516.170000	3039.000000	369.900000	510.400000	38.540000	33.940000	77.170000	117.150000	35.750000	9.128000	201.600000	119.800000	38.800000	225.070000	5.415000	59.040000	52.600000	45.630000	25.770000	9.030000	146.230000	36.090000	22.360000	32.660000	50.700000	982.400000	7066.000000	386.459000	59.400000	336.300000	69.820000	52.400000	71.790000	185.920000	6.630000	291.000000	13.100000	20.400000	3611.000000	5889.000000	278.300000	142.600000	37.790000	6244.000000	3710.000000	104.750000	10.355000	37.340000	41.025000	93.080000	67.200000	6.155000	436.600000	87.810000	293.200000	18.310000	79.990000	2989.500000	1.700000	25.840000	376.590000	25.360000	28.460000	526.190000	191.300000	367.380000	17.170000	87.450000	34.490000	102.630000	22.030000
2026-09-26 18:01:10	169.550000	81.220000	146.500000	875.500000	31.760000	73.750000	167.500000	192.400000	53.300000	108.400000	423.500000	341.080000	249.670000	414.610000	67.680000	341.070000	1522.600000	166.580000	12552.000000	44.000000	25.200000	12.572000	58.630000	50.420000	50.020000	78.560000	60.720000	37.300000	55.720000	99.300000	198.070000	558.500000	59.560000	52.150000	821.580000	3.970000	9.535000	28.080000	76.300000	42.190000	150.830000	69.000000	176.950000	59.560000	78.670000	36.300000	84.940000	31.760000	284.800000	27.000000	11.170000	57.200000	1642.000000	17.185000	8.913000	24.090000	143.900000	19.370000	68620.000000	357.050000	4.570000	83.230000	23.770000	23.740000	46.190000	39.480000	561.100000	97.140000	935.450000	77.860000	257.800000	144.000000	2.259000	1347.500000	388.400000	38.140000	29.840000	20.330000	53.260000	56.710000	31.795000	6.788000	343.060000	223.350000	79600.000000	39.480000	107.700000	51.800000	381.850000	82.800000	45.260000	110.500000	469.890000	7.636000	7.160000	396.850000	239.530000	6.145000	567.650000	236.500000	71.900000	41.285000	96.380000	7.200000	16.860000	516.170000	3039.000000	369.900000	510.400000	38.540000	33.940000	77.170000	117.150000	35.750000	9.128000	201.600000	119.800000	38.800000	225.070000	5.415000	59.040000	52.600000	45.630000	25.770000	9.030000	146.230000	36.090000	22.360000	32.660000	50.700000	982.400000	7066.000000	386.459000	59.400000	336.300000	69.820000	52.400000	71.790000	185.920000	6.630000	291.000000	13.100000	20.400000	3611.000000	5889.000000	278.300000	142.600000	37.790000	6244.000000	3710.000000	104.750000	10.355000	37.340000	41.025000	93.080000	67.200000	6.155000	436.600000	87.810000	293.200000	18.310000	79.990000	2989.500000	1.700000	25.840000	376.590000	25.360000	28.460000	526.190000	191.300000	367.380000	17.170000	87.450000	34.490000	102.630000	22.030000
2026-09-26 20:01:12	169.550000	81.220000	146.500000	875.500000	31.760000	73.750000	167.500000	192.400000	53.300000	108.400000	423.500000	341.080000	249.670000	414.610000	67.680000	341.070000	1522.600000	166.580000	12552.000000	44.000000	25.200000	12.572000	58.630000	50.420000	50.020000	78.560000	60.720000	37.300000	55.720000	99.300000	198.070000	558.500000	59.560000	52.150000	821.580000	3.970000	9.535000	28.080000	76.300000	42.190000	150.830000	69.000000	176.950000	59.560000	78.670000	36.300000	84.940000	31.760000	284.800000	27.000000	11.170000	57.200000	1642.000000	17.185000	8.913000	24.090000	143.900000	19.370000	68620.000000	357.050000	4.570000	83.230000	23.770000	23.740000	46.190000	39.480000	561.100000	97.140000	935.450000	77.860000	257.800000	144.000000	2.259000	1347.500000	388.400000	38.140000	29.840000	20.330000	53.260000	56.710000	31.795000	6.788000	343.060000	223.350000	79600.000000	39.480000	107.700000	51.800000	381.850000	82.800000	45.260000	110.500000	469.890000	7.636000	7.160000	396.850000	239.530000	6.145000	567.650000	236.500000	71.900000	41.285000	96.380000	7.200000	16.860000	516.170000	3039.000000	369.900000	510.400000	38.540000	33.940000	77.170000	117.150000	35.750000	9.128000	201.600000	119.800000	38.800000	225.070000	5.415000	59.040000	52.600000	45.630000	25.770000	9.030000	146.230000	36.090000	22.360000	32.660000	50.700000	982.400000	7066.000000	386.459000	59.400000	336.300000	69.820000	52.400000	71.790000	185.920000	6.630000	291.000000	13.100000	20.400000	3611.000000	5889.000000	278.300000	142.600000	37.790000	6244.000000	3710.000000	104.750000	10.355000	37.340000	41.025000	93.080000	67.200000	6.155000	436.600000	87.810000	293.200000	18.310000	79.990000	2989.500000	1.700000	25.840000	376.590000	25.360000	28.460000	526.190000	191.300000	367.380000	17.170000	87.450000	34.490000	102.630000	22.030000
2026-09-26 21:19:39	169.550000	81.220000	146.500000	875.500000	31.760000	73.750000	167.500000	192.400000	53.300000	108.400000	423.500000	341.080000	249.670000	414.610000	67.680000	341.070000	1522.600000	166.580000	12552.000000	44.000000	25.200000	12.572000	58.630000	50.420000	50.020000	78.560000	60.720000	37.300000	55.720000	99.300000	198.070000	558.500000	59.560000	52.150000	821.580000	3.970000	9.535000	28.080000	76.300000	42.190000	150.830000	69.000000	176.950000	59.560000	78.670000	36.300000	84.940000	31.760000	284.800000	27.000000	11.170000	57.200000	1642.000000	17.185000	8.913000	24.090000	143.900000	19.370000	68620.000000	357.050000	4.570000	83.230000	23.770000	23.740000	46.190000	39.480000	561.100000	97.140000	935.450000	77.860000	257.800000	144.000000	2.259000	1347.500000	388.400000	38.140000	29.840000	20.330000	53.260000	56.710000	31.795000	6.788000	343.060000	223.350000	79600.000000	39.480000	107.700000	51.800000	381.850000	82.800000	45.260000	110.500000	469.890000	7.636000	7.160000	396.850000	239.530000	6.145000	567.650000	236.500000	71.900000	41.285000	96.380000	7.200000	16.860000	516.170000	3039.000000	369.900000	510.400000	38.540000	33.940000	77.170000	117.150000	35.750000	9.128000	201.600000	119.800000	38.800000	225.070000	5.415000	59.040000	52.600000	45.630000	25.770000	9.030000	146.230000	36.090000	22.360000	32.660000	50.700000	982.400000	7066.000000	386.459000	59.400000	336.300000	69.820000	52.400000	71.790000	185.920000	6.630000	291.000000	13.100000	20.400000	3611.000000	5889.000000	278.300000	142.600000	37.790000	6244.000000	3710.000000	104.750000	10.355000	37.340000	41.025000	93.080000	67.200000	6.155000	436.600000	87.810000	293.200000	18.310000	79.990000	2989.500000	1.700000	25.840000	376.590000	25.360000	28.460000	526.190000	191.300000	367.380000	17.170000	87.450000	34.490000	102.630000	22.030000
2026-09-27 08:01:09	169.550000	81.220000	146.500000	875.500000	31.760000	73.750000	167.500000	192.400000	53.300000	108.400000	423.500000	341.080000	249.670000	414.610000	67.680000	341.070000	1522.600000	166.580000	12552.000000	44.000000	25.200000	12.572000	58.630000	50.420000	50.020000	78.560000	60.720000	37.300000	55.720000	99.300000	198.070000	558.500000	59.560000	52.150000	821.580000	3.970000	9.535000	28.080000	76.300000	42.190000	150.830000	69.000000	176.950000	59.560000	78.670000	36.300000	84.940000	31.760000	284.800000	27.000000	11.170000	57.200000	1642.000000	17.185000	8.913000	24.090000	143.900000	19.370000	68620.000000	357.050000	4.570000	83.230000	23.770000	23.740000	46.190000	39.480000	561.100000	97.140000	935.450000	77.860000	257.800000	144.000000	2.259000	1347.500000	388.400000	38.140000	29.840000	20.330000	53.260000	56.710000	31.795000	6.788000	343.060000	223.350000	79600.000000	39.480000	107.700000	51.800000	381.850000	82.800000	45.260000	77.140000	469.890000	7.636000	7.160000	396.850000	239.530000	6.145000	567.650000	236.500000	71.900000	41.285000	96.380000	7.200000	16.860000	516.170000	3039.000000	369.900000	510.400000	38.540000	33.940000	77.170000	117.150000	35.750000	9.128000	201.600000	119.800000	38.800000	225.070000	5.415000	59.040000	52.600000	45.630000	25.770000	9.030000	146.230000	36.090000	22.360000	32.660000	50.700000	982.400000	7066.000000	386.459000	59.400000	336.300000	69.820000	52.400000	71.790000	185.920000	6.630000	291.000000	13.100000	20.400000	3611.000000	5889.000000	278.300000	142.600000	37.790000	6244.000000	3710.000000	104.750000	10.355000	37.340000	41.025000	93.080000	67.200000	6.155000	436.600000	87.810000	293.200000	18.310000	79.990000	2989.500000	1.630000	25.840000	376.590000	25.360000	28.460000	526.190000	191.300000	367.380000	17.170000	87.450000	34.490000	102.630000	22.030000
2026-09-27 10:01:11	169.550000	81.220000	146.500000	875.500000	31.760000	73.750000	167.500000	192.400000	53.300000	108.400000	423.500000	341.080000	249.670000	414.610000	67.680000	341.070000	1522.600000	166.580000	12552.000000	44.000000	25.200000	12.572000	58.630000	50.420000	50.020000	78.560000	60.720000	37.300000	55.720000	99.300000	198.070000	558.500000	59.560000	52.150000	821.580000	3.970000	9.535000	28.080000	76.300000	42.190000	150.830000	69.000000	176.950000	59.560000	78.670000	36.300000	84.940000	31.760000	284.800000	27.000000	11.170000	57.200000	1642.000000	17.185000	8.913000	24.090000	143.900000	19.370000	68620.000000	357.050000	4.570000	83.230000	23.770000	23.740000	46.190000	39.480000	561.100000	97.140000	935.450000	77.860000	257.800000	144.000000	2.259000	1347.500000	388.400000	38.140000	29.840000	20.330000	53.260000	56.710000	31.795000	6.788000	343.060000	223.350000	79600.000000	39.480000	107.700000	51.800000	381.850000	82.800000	45.260000	77.140000	469.890000	7.636000	7.160000	396.850000	239.530000	6.145000	567.650000	236.500000	71.900000	41.285000	96.380000	7.200000	16.860000	516.170000	3039.000000	369.900000	510.400000	38.540000	33.940000	77.170000	117.150000	35.750000	9.128000	201.600000	119.800000	38.800000	225.070000	5.415000	59.040000	52.600000	45.630000	25.770000	9.030000	146.230000	36.090000	22.360000	32.660000	50.700000	982.400000	7066.000000	386.459000	59.400000	336.300000	69.820000	52.400000	71.790000	185.920000	6.630000	291.000000	13.100000	20.400000	3611.000000	5889.000000	278.300000	142.600000	37.790000	6244.000000	3710.000000	104.750000	10.355000	37.340000	41.025000	93.080000	67.200000	6.155000	436.600000	87.810000	293.200000	18.310000	79.990000	2989.500000	1.630000	25.840000	376.590000	25.360000	28.460000	526.190000	191.300000	367.380000	17.170000	87.450000	34.490000	102.630000	22.030000
2026-09-27 12:01:09	169.550000	81.220000	146.500000	875.500000	31.760000	73.750000	167.500000	192.400000	53.300000	108.400000	423.500000	341.080000	249.670000	414.610000	67.680000	341.070000	1522.600000	166.580000	12552.000000	44.000000	25.200000	12.572000	58.630000	50.420000	50.020000	78.560000	60.720000	37.300000	55.720000	99.300000	198.070000	558.500000	59.560000	52.150000	821.580000	3.980000	9.535000	28.080000	76.300000	42.190000	150.830000	69.000000	176.950000	59.560000	78.670000	36.300000	84.940000	31.760000	284.800000	27.000000	11.170000	57.200000	1642.000000	17.185000	8.913000	24.090000	143.900000	19.370000	68620.000000	357.050000	4.570000	83.230000	23.770000	23.740000	46.190000	39.480000	561.100000	97.140000	935.450000	77.860000	257.800000	144.000000	2.259000	1347.500000	388.400000	38.140000	29.840000	20.330000	53.260000	56.710000	31.795000	6.788000	343.060000	223.350000	79600.000000	39.480000	107.700000	51.800000	381.850000	82.800000	45.260000	77.140000	469.890000	7.636000	7.160000	396.850000	239.530000	6.145000	567.650000	236.500000	71.900000	41.285000	96.380000	7.200000	16.860000	516.170000	3039.000000	369.900000	510.400000	38.540000	33.940000	77.170000	117.150000	35.750000	9.128000	201.600000	119.800000	38.800000	225.070000	5.415000	59.040000	52.600000	45.630000	25.770000	9.030000	146.230000	36.090000	22.360000	32.660000	50.700000	982.400000	7066.000000	386.459000	59.400000	336.300000	69.820000	52.400000	71.790000	185.920000	6.630000	291.000000	13.100000	20.400000	3611.000000	5889.000000	278.300000	142.600000	37.790000	6244.000000	3710.000000	104.750000	10.355000	37.340000	41.025000	93.080000	67.200000	6.155000	436.600000	87.810000	293.200000	18.310000	79.990000	2989.500000	1.630000	25.840000	376.590000	25.360000	28.460000	526.190000	191.300000	367.380000	17.170000	87.450000	34.490000	102.630000	22.030000
2026-09-27 14:01:10	169.550000	81.220000	146.500000	875.500000	31.760000	73.750000	167.500000	192.400000	53.300000	108.400000	423.500000	341.080000	249.670000	414.610000	67.680000	341.070000	1522.600000	166.580000	12552.000000	44.000000	25.200000	12.572000	58.630000	50.420000	50.020000	78.560000	60.720000	37.300000	55.720000	99.300000	198.070000	558.500000	59.560000	52.150000	821.580000	3.980000	9.535000	28.080000	76.300000	42.190000	150.830000	69.000000	176.950000	59.560000	78.670000	36.300000	84.940000	31.760000	284.800000	27.000000	11.170000	57.200000	1642.000000	17.185000	8.913000	24.090000	143.900000	19.370000	68620.000000	357.050000	4.570000	83.230000	23.770000	23.740000	46.190000	39.480000	561.100000	97.140000	935.450000	77.860000	257.800000	144.000000	2.259000	1347.500000	388.400000	38.140000	29.840000	20.330000	53.260000	56.710000	31.795000	6.788000	343.060000	223.350000	79600.000000	39.480000	107.700000	51.800000	381.850000	82.800000	45.260000	77.140000	469.890000	7.636000	7.160000	396.850000	239.530000	6.145000	567.650000	236.500000	71.900000	41.285000	96.380000	7.200000	16.860000	516.170000	3039.000000	369.900000	510.400000	38.540000	33.940000	77.170000	117.150000	35.750000	9.128000	201.600000	119.800000	38.800000	225.070000	5.415000	59.040000	52.600000	45.630000	25.770000	9.030000	146.230000	36.090000	22.360000	32.660000	50.700000	982.400000	7066.000000	386.459000	59.400000	336.300000	69.820000	52.400000	71.790000	185.920000	6.630000	291.000000	13.100000	20.400000	3611.000000	5889.000000	278.300000	142.600000	37.790000	6244.000000	3710.000000	104.750000	10.355000	37.340000	41.025000	93.080000	67.200000	6.155000	436.600000	87.810000	293.200000	18.310000	79.990000	2989.500000	1.630000	25.840000	376.590000	25.360000	28.460000	526.190000	191.300000	367.380000	17.170000	87.450000	34.490000	102.630000	22.030000
2026-09-27 16:01:12	169.550000	81.220000	146.500000	875.500000	31.760000	73.750000	167.500000	192.400000	53.300000	108.400000	423.500000	341.080000	249.670000	414.610000	67.680000	341.070000	1522.600000	166.580000	12552.000000	44.000000	25.200000	12.572000	58.630000	50.420000	50.020000	78.560000	60.720000	37.300000	55.720000	99.300000	198.070000	558.500000	59.560000	52.150000	821.580000	3.980000	9.535000	28.080000	76.300000	42.190000	150.830000	69.000000	176.950000	59.560000	78.670000	36.300000	84.940000	31.760000	284.800000	27.000000	11.170000	57.200000	1642.000000	17.185000	8.913000	24.090000	143.900000	19.370000	68620.000000	357.050000	4.570000	83.230000	23.770000	23.740000	46.190000	39.480000	561.100000	97.140000	935.450000	77.860000	257.800000	144.000000	2.259000	1347.500000	388.400000	38.140000	29.840000	20.330000	53.260000	56.710000	31.795000	6.788000	343.060000	223.350000	79600.000000	39.480000	107.700000	51.800000	381.850000	82.800000	45.260000	77.140000	469.890000	7.636000	7.160000	396.850000	239.530000	6.145000	567.650000	236.500000	71.900000	41.285000	96.380000	7.200000	16.860000	516.170000	3039.000000	369.900000	510.400000	38.540000	33.940000	77.170000	117.150000	35.750000	9.128000	201.600000	119.800000	38.800000	225.070000	5.415000	59.040000	52.600000	45.630000	25.770000	9.030000	146.230000	36.090000	22.360000	32.660000	50.700000	982.400000	7066.000000	386.459000	59.400000	336.300000	69.820000	52.400000	71.790000	185.920000	6.630000	291.000000	13.100000	20.400000	3611.000000	5889.000000	278.300000	142.600000	37.790000	6244.000000	3710.000000	104.750000	10.355000	37.340000	41.025000	93.080000	67.200000	6.155000	436.600000	87.810000	293.200000	18.310000	79.990000	2989.500000	1.630000	25.840000	376.590000	25.360000	28.460000	526.190000	191.300000	367.380000	17.170000	87.450000	34.490000	102.630000	22.030000
2026-09-27 18:01:12	169.550000	81.220000	146.500000	875.500000	31.760000	73.750000	167.500000	192.400000	53.300000	108.400000	423.500000	341.080000	249.670000	414.610000	67.680000	341.070000	1522.600000	166.580000	12552.000000	44.000000	25.200000	12.572000	58.630000	50.420000	50.020000	78.560000	60.720000	37.300000	55.720000	99.300000	198.070000	558.500000	59.560000	52.150000	821.580000	3.980000	9.535000	28.080000	76.300000	42.190000	150.830000	69.000000	176.950000	59.560000	78.670000	36.300000	84.940000	31.760000	284.800000	27.000000	11.170000	57.200000	1642.000000	17.185000	8.913000	24.090000	143.900000	19.370000	68620.000000	357.050000	4.570000	83.230000	23.770000	23.740000	46.190000	39.480000	561.100000	97.140000	935.450000	77.860000	257.800000	144.000000	2.259000	1347.500000	388.400000	38.140000	29.840000	20.330000	53.260000	56.710000	31.795000	6.788000	343.060000	223.350000	79600.000000	39.480000	107.700000	51.800000	381.850000	82.800000	45.260000	77.140000	469.890000	7.636000	7.160000	396.850000	239.530000	6.145000	567.650000	236.500000	71.900000	41.285000	96.380000	7.200000	16.860000	516.170000	3039.000000	369.900000	510.400000	38.540000	33.940000	77.170000	117.150000	35.750000	9.128000	201.600000	119.800000	38.800000	225.070000	5.415000	59.040000	52.600000	45.630000	25.770000	9.030000	146.230000	36.090000	22.360000	32.660000	50.700000	982.400000	7066.000000	386.459000	59.400000	336.300000	69.820000	52.400000	71.790000	185.920000	6.630000	291.000000	13.100000	20.400000	3611.000000	5889.000000	278.300000	142.600000	37.790000	6244.000000	3710.000000	104.750000	10.355000	37.340000	41.025000	93.080000	67.200000	6.155000	436.600000	87.810000	293.200000	18.310000	79.990000	2989.500000	1.630000	25.840000	376.590000	25.360000	28.460000	526.190000	191.300000	367.380000	17.170000	87.450000	34.490000	102.630000	22.030000
2026-09-27 20:01:13	169.550000	81.220000	146.500000	875.500000	31.760000	73.750000	167.500000	192.400000	53.300000	108.400000	423.500000	341.080000	249.670000	414.610000	67.680000	341.070000	1522.600000	166.580000	12552.000000	44.000000	25.200000	12.572000	58.630000	50.420000	50.020000	78.560000	60.720000	37.300000	55.720000	99.300000	198.070000	558.500000	59.560000	52.150000	821.580000	3.980000	9.535000	28.080000	76.300000	42.190000	150.830000	69.000000	176.950000	59.560000	78.670000	36.300000	84.940000	31.760000	284.800000	27.000000	11.170000	57.200000	1642.000000	17.185000	8.913000	24.090000	143.900000	19.370000	68620.000000	357.050000	4.570000	83.230000	23.770000	23.740000	45.680000	39.480000	561.100000	97.140000	935.450000	77.860000	257.800000	144.000000	2.259000	1347.500000	388.400000	38.140000	29.840000	20.330000	53.260000	56.710000	31.795000	6.788000	343.060000	223.350000	79600.000000	39.480000	107.700000	51.800000	381.850000	82.800000	45.260000	77.140000	469.890000	7.636000	7.160000	396.850000	239.530000	6.145000	567.650000	236.500000	71.900000	41.285000	96.380000	7.200000	16.860000	516.170000	3039.000000	369.900000	510.400000	38.540000	33.940000	77.170000	117.150000	35.750000	9.128000	201.600000	119.800000	38.800000	225.070000	5.415000	59.040000	52.600000	45.630000	25.770000	9.030000	146.230000	36.090000	22.360000	32.660000	50.700000	982.400000	7066.000000	386.459000	59.400000	336.300000	69.820000	52.400000	71.790000	185.920000	6.630000	291.000000	13.100000	20.400000	3611.000000	5889.000000	278.300000	142.600000	37.790000	6244.000000	3710.000000	104.750000	10.355000	37.340000	41.025000	93.080000	67.200000	6.155000	436.600000	87.810000	293.200000	18.310000	79.990000	2989.500000	1.630000	25.840000	376.590000	25.360000	28.460000	526.190000	191.300000	367.380000	17.170000	87.450000	34.490000	102.630000	22.030000
2026-09-27 21:51:46	169.550000	81.220000	146.500000	875.500000	31.760000	73.750000	167.500000	192.400000	53.300000	108.400000	423.500000	341.080000	249.670000	414.610000	67.680000	341.070000	1522.600000	166.580000	12552.000000	44.000000	25.200000	12.572000	58.630000	50.420000	50.020000	78.560000	60.720000	37.300000	55.720000	99.300000	198.070000	558.500000	59.560000	52.150000	821.580000	3.980000	9.535000	28.080000	76.300000	42.190000	150.830000	69.000000	176.950000	59.560000	78.670000	36.300000	84.940000	31.760000	284.800000	27.000000	11.170000	57.200000	1642.000000	17.185000	8.913000	24.090000	143.900000	19.370000	68620.000000	357.050000	4.570000	83.230000	23.770000	23.740000	45.680000	39.480000	561.100000	97.140000	935.450000	77.860000	257.800000	144.000000	2.259000	1347.500000	388.400000	38.140000	29.840000	20.330000	53.260000	56.710000	31.795000	6.788000	343.060000	223.350000	79600.000000	39.480000	107.700000	51.800000	381.850000	82.800000	45.260000	77.140000	469.890000	7.636000	7.160000	396.850000	239.530000	6.145000	567.650000	236.500000	71.900000	41.285000	96.380000	7.200000	16.860000	516.170000	3039.000000	369.900000	510.400000	38.540000	33.940000	77.170000	117.150000	35.750000	9.128000	201.600000	119.800000	38.800000	225.070000	5.415000	59.040000	52.600000	45.630000	25.770000	8.990000	146.230000	36.090000	22.360000	32.660000	50.700000	982.400000	7066.000000	386.459000	59.400000	336.300000	69.820000	52.400000	71.790000	185.920000	6.630000	291.000000	12.700000	20.400000	3611.000000	5889.000000	278.300000	142.600000	37.790000	6244.000000	3710.000000	104.750000	10.355000	37.340000	41.025000	93.080000	67.200000	6.155000	436.600000	87.810000	293.200000	18.310000	79.990000	2989.500000	1.700000	25.840000	376.590000	25.360000	28.460000	526.190000	191.300000	367.380000	17.170000	87.450000	34.490000	102.630000	22.030000
2026-09-28 08:01:20	169.550000	81.220000	146.500000	875.500000	31.760000	74.850000	167.500000	192.400000	53.300000	107.000000	423.500000	341.080000	249.670000	414.610000	67.680000	341.070000	1522.600000	166.580000	12552.000000	44.000000	25.200000	12.572000	58.630000	50.420000	50.020000	78.560000	59.790000	37.300000	55.720000	99.300000	198.070000	558.500000	59.560000	52.150000	821.580000	3.980000	9.710000	28.080000	77.150000	42.190000	151.450000	69.000000	181.280000	59.560000	78.670000	36.300000	84.940000	31.760000	284.800000	27.000000	11.170000	57.200000	1642.000000	17.185000	8.913000	24.090000	143.900000	19.370000	68140.000000	357.050000	4.570000	83.230000	23.770000	23.740000	45.680000	39.480000	561.100000	97.140000	935.450000	77.860000	257.800000	144.000000	2.259000	1347.500000	390.600000	38.140000	29.840000	20.330000	53.260000	56.710000	31.795000	6.788000	343.060000	223.350000	79160.000000	39.480000	107.700000	51.800000	381.850000	82.800000	45.260000	77.140000	469.890000	7.636000	7.160000	396.850000	244.620000	6.145000	567.650000	236.500000	71.900000	41.285000	96.380000	7.200000	16.860000	516.170000	3005.000000	369.900000	510.400000	38.965000	33.940000	77.170000	117.150000	35.750000	9.128000	201.600000	119.800000	38.800000	225.070000	5.415000	59.040000	52.600000	45.630000	25.770000	8.990000	146.230000	36.090000	22.360000	32.660000	50.700000	982.400000	7066.000000	386.459000	59.400000	336.300000	69.820000	52.400000	71.790000	185.920000	6.630000	291.000000	12.700000	20.400000	3611.000000	5824.000000	278.300000	142.600000	37.790000	6244.000000	3692.000000	104.750000	10.355000	41.843000	41.025000	93.080000	67.200000	6.155000	441.200000	87.810000	293.200000	18.310000	79.990000	2999.500000	1.700000	25.840000	376.590000	25.360000	28.460000	526.190000	191.300000	367.380000	17.170000	87.450000	34.905000	102.630000	22.030000
2026-09-28 09:33:15	169.550000	81.220000	147.900000	873.400000	32.100000	74.550000	168.200000	192.700000	54.020000	107.600000	424.400000	341.080000	249.670000	414.610000	68.880000	341.070000	1502.800000	166.580000	12580.000000	44.130000	25.100000	12.524000	58.630000	50.390000	50.380000	79.940000	59.800000	37.300000	56.260000	99.080000	198.070000	564.400000	59.500000	52.150000	821.580000	3.980000	9.680000	28.080000	76.700000	42.410000	151.520000	69.300000	181.910000	60.120000	78.670000	36.310000	84.940000	31.715000	285.100000	27.150000	11.300000	57.420000	1660.000000	17.405000	8.958000	24.440000	147.400000	19.410000	67850.000000	363.100000	4.570000	83.230000	23.770000	23.840000	45.680000	39.850000	548.839000	97.140000	935.450000	77.860000	259.000000	145.700000	2.315000	1372.500000	391.000000	38.250000	29.840000	20.510000	53.800000	56.020000	31.790000	6.759000	343.060000	226.000000	78500.000000	39.850000	107.600000	51.800000	388.950000	83.600000	45.660000	77.140000	469.890000	7.718000	7.160000	399.900000	244.980000	6.145000	567.650000	236.500000	71.900000	41.695000	96.380000	7.200000	16.860000	516.170000	2981.500000	368.800000	512.600000	39.120000	33.940000	78.330000	117.150000	35.750000	9.018000	202.900000	121.260000	38.800000	225.070000	5.415000	59.720000	52.600000	45.670000	26.050000	8.970000	146.230000	36.195000	22.530000	32.660000	50.200000	986.200000	7066.000000	365.300000	59.980000	335.300000	70.960000	50.350000	72.560000	185.560000	6.610000	289.250000	12.800000	20.200000	3647.000000	5814.000000	277.100000	139.760000	38.650000	6244.000000	3680.000000	104.750000	10.355000	41.843000	41.025000	94.040000	66.300000	6.170000	440.800000	87.810000	293.200000	18.310000	80.550000	2986.500000	1.690000	25.840000	376.590000	25.360000	28.460000	526.190000	191.300000	367.380000	17.325000	87.350000	35.040000	102.630000	21.930000
2026-09-28 10:01:24	169.550000	81.220000	147.450000	871.000000	32.160000	74.200000	167.860000	193.040000	54.020000	107.900000	423.800000	341.080000	249.670000	414.610000	68.780000	341.070000	1507.200000	166.580000	12590.000000	44.000000	25.220000	12.560000	58.630000	50.320000	50.500000	79.600000	59.800000	37.300000	56.140000	99.100000	198.070000	563.000000	59.220000	52.150000	821.580000	3.980000	9.680000	28.080000	76.550000	42.570000	151.520000	69.300000	181.910000	60.080000	78.670000	36.280000	84.940000	31.685000	286.000000	27.190000	11.180000	57.420000	1658.000000	17.350000	8.903000	24.425000	147.600000	19.370000	67850.000000	361.450000	4.570000	83.230000	23.770000	23.800000	45.680000	39.630000	546.600000	97.140000	935.450000	77.860000	258.400000	145.450000	2.315000	1370.000000	389.800000	38.260000	29.840000	20.450000	53.700000	56.100000	31.850000	6.777000	343.060000	225.550000	78500.000000	39.630000	106.600000	51.800000	388.600000	84.000000	45.580000	77.140000	469.890000	7.706000	7.160000	396.950000	244.980000	6.145000	567.650000	236.500000	71.900000	41.595000	96.380000	7.200000	16.860000	516.170000	2981.500000	370.300000	512.400000	39.120000	33.940000	78.080000	117.150000	35.750000	8.980000	203.600000	121.720000	38.800000	225.070000	5.415000	59.860000	52.600000	45.650000	25.830000	8.950000	146.230000	36.240000	22.560000	32.660000	50.000000	982.850000	7066.000000	364.600000	59.920000	335.600000	70.800000	50.050000	72.550000	185.360000	6.580000	288.450000	12.800000	20.100000	3644.500000	5814.000000	277.000000	139.360000	38.960000	6244.000000	3680.000000	104.750000	10.355000	37.000000	41.025000	93.940000	66.050000	6.140000	440.400000	87.810000	293.200000	18.310000	80.680000	2986.500000	1.690000	25.800000	376.590000	25.360000	28.460000	526.190000	191.300000	367.380000	17.275000	86.900000	35.040000	102.630000	22.030000
2026-09-28 10:55:36	169.550000	81.220000	146.900000	874.800000	32.210000	74.050000	167.740000	194.060000	54.140000	107.700000	424.200000	341.080000	249.670000	414.610000	68.740000	341.070000	1512.200000	166.580000	12542.000000	43.990000	25.220000	12.570000	58.630000	50.320000	50.500000	79.680000	59.800000	37.300000	55.940000	98.600000	198.070000	563.850000	59.420000	52.150000	821.580000	4.060000	9.675000	28.080000	76.550000	42.470000	151.520000	69.180000	181.910000	60.000000	78.670000	36.320000	84.940000	31.635000	287.000000	27.060000	11.150000	57.420000	1651.000000	17.300000	8.886000	24.445000	147.450000	19.470000	67850.000000	361.950000	4.570000	83.230000	23.770000	23.660000	45.680000	39.690000	548.600000	97.140000	935.450000	77.860000	258.600000	145.300000	2.350000	1367.000000	388.600000	38.230000	29.840000	20.450000	53.660000	56.140000	31.775000	6.761000	343.060000	224.500000	78500.000000	39.660000	106.100000	51.800000	387.700000	83.600000	45.440000	77.140000	469.890000	7.662000	7.160000	395.300000	244.980000	6.145000	567.650000	236.500000	71.900000	41.460000	96.380000	7.200000	16.860000	516.170000	2981.500000	371.900000	513.200000	39.120000	33.940000	77.940000	117.150000	35.750000	8.988000	203.500000	121.420000	38.800000	225.070000	5.415000	59.520000	52.600000	45.390000	25.720000	8.950000	146.230000	36.415000	22.740000	32.660000	49.850000	982.700000	7066.000000	359.600000	59.760000	336.000000	70.700000	50.800000	72.210000	185.340000	6.540000	289.450000	12.800000	20.300000	3655.000000	5814.000000	277.550000	140.760000	39.150000	6244.000000	3680.000000	104.750000	10.355000	37.160000	41.025000	93.760000	66.400000	6.195000	439.800000	87.810000	293.200000	18.310000	80.520000	2986.500000	1.720000	25.880000	376.590000	25.360000	28.460000	526.190000	191.300000	367.380000	17.210000	86.700000	35.040000	102.630000	22.010000
2026-09-28 11:18:46	169.550000	81.220000	146.600000	877.000000	32.220000	74.050000	167.720000	194.080000	54.160000	107.700000	424.300000	341.080000	249.670000	414.610000	68.740000	341.070000	1512.200000	166.580000	12516.000000	44.010000	25.290000	12.582000	58.630000	50.220000	50.620000	79.620000	59.800000	37.300000	55.820000	98.560000	198.070000	564.800000	59.440000	52.150000	821.580000	4.070000	9.675000	28.080000	76.550000	42.420000	151.520000	69.280000	181.910000	60.060000	78.670000	36.370000	84.940000	31.665000	287.100000	27.010000	11.140000	57.380000	1651.000000	17.325000	8.882000	24.520000	147.200000	19.510000	67850.000000	360.950000	4.570000	83.230000	23.770000	23.600000	45.680000	39.610000	548.400000	97.140000	935.450000	77.860000	258.800000	145.250000	2.350000	1366.000000	388.600000	38.240000	29.840000	20.480000	53.540000	56.360000	31.740000	6.765000	343.060000	223.850000	78500.000000	39.610000	105.900000	51.800000	385.850000	83.600000	45.380000	77.140000	469.890000	7.636000	7.160000	393.750000	244.980000	6.145000	567.650000	236.500000	71.900000	41.395000	96.380000	7.200000	16.860000	516.170000	2981.500000	371.300000	512.800000	39.120000	33.940000	77.810000	117.150000	35.750000	8.956000	202.800000	121.280000	38.800000	225.070000	5.415000	59.460000	52.600000	45.410000	25.710000	8.950000	146.230000	36.390000	22.600000	32.660000	49.700000	982.900000	7066.000000	356.800000	59.900000	336.000000	70.600000	51.000000	71.900000	184.700000	6.540000	290.200000	12.800000	20.300000	3659.500000	5814.000000	277.100000	141.380000	39.070000	6244.000000	3680.000000	104.750000	10.355000	37.260000	41.025000	93.560000	66.150000	6.145000	439.800000	87.810000	293.200000	18.310000	80.790000	2986.500000	1.720000	25.740000	376.590000	25.360000	28.460000	526.190000	191.300000	367.380000	17.165000	86.500000	35.040000	102.630000	21.920000
2026-09-28 12:01:23	169.550000	81.220000	146.450000	875.900000	32.140000	74.050000	167.580000	194.200000	54.080000	107.700000	424.000000	341.080000	249.670000	414.610000	68.580000	341.070000	1510.000000	166.580000	12500.000000	43.920000	25.290000	12.534000	58.630000	49.860000	50.520000	78.960000	59.800000	37.300000	55.540000	98.430000	198.070000	563.100000	59.220000	52.150000	821.580000	3.850000	9.675000	28.080000	76.550000	42.360000	151.520000	69.420000	181.910000	59.860000	78.670000	36.430000	84.940000	31.610000	286.700000	26.910000	11.150000	57.300000	1649.795000	17.295000	8.865000	24.440000	147.100000	19.330000	67850.000000	359.550000	4.570000	83.230000	23.770000	23.560000	45.680000	39.660000	547.600000	97.140000	935.450000	77.860000	259.000000	145.350000	2.350000	1361.000000	388.600000	38.210000	29.840000	20.440000	53.440000	56.300000	31.730000	6.766000	343.060000	223.300000	78500.000000	39.660000	106.000000	51.800000	385.300000	83.000000	45.280000	77.140000	469.890000	7.656000	7.160000	393.950000	244.980000	6.145000	567.650000	236.500000	71.900000	41.330000	96.380000	7.200000	16.860000	516.170000	2981.500000	372.400000	513.400000	39.120000	33.940000	77.670000	117.150000	35.750000	8.996000	203.300000	121.340000	38.800000	225.070000	5.415000	59.300000	52.600000	45.280000	25.650000	8.890000	146.230000	36.255000	22.620000	32.660000	49.750000	981.500000	7066.000000	353.100000	59.780000	336.600000	70.680000	51.000000	71.760000	184.660000	6.560000	290.650000	12.800000	20.150000	3654.500000	5814.000000	277.200000	141.740000	39.140000	6244.000000	3680.000000	104.750000	10.355000	37.220000	41.025000	93.640000	66.300000	6.145000	439.800000	87.810000	293.200000	18.310000	80.630000	2986.500000	1.620000	25.580000	376.590000	25.360000	28.460000	526.190000	191.300000	367.380000	17.120000	86.450000	35.040000	102.630000	21.850000
2026-09-28 14:01:31	169.550000	81.220000	146.650000	875.400000	32.240000	74.050000	167.740000	193.720000	54.160000	107.700000	424.200000	341.080000	249.670000	414.610000	68.580000	341.070000	1519.800000	166.580000	12492.000000	43.900000	25.310000	12.532000	58.630000	49.495000	50.630000	78.620000	59.800000	37.300000	55.940000	99.010000	198.070000	565.400000	59.140000	52.150000	821.580000	3.850000	9.675000	28.080000	76.550000	42.490000	151.520000	69.160000	181.910000	59.820000	78.670000	36.520000	84.940000	31.740000	286.800000	26.740000	11.120000	57.100000	1646.000000	17.255000	8.844000	24.545000	147.900000	19.150000	67850.000000	357.000000	4.570000	83.230000	23.770000	23.440000	45.680000	39.800000	550.000000	97.140000	935.450000	77.860000	258.400000	144.850000	2.358000	1366.000000	388.600000	38.300000	29.840000	20.420000	53.420000	56.750000	31.880000	6.767000	343.060000	224.350000	78500.000000	39.800000	106.200000	51.800000	384.950000	83.300000	45.160000	77.140000	469.890000	7.658000	7.160000	397.300000	244.980000	6.145000	567.650000	236.500000	71.900000	41.615000	96.380000	5.450000	16.860000	516.170000	2981.500000	371.700000	512.400000	39.120000	33.940000	77.660000	117.150000	35.750000	9.002000	203.400000	121.100000	38.800000	225.070000	5.415000	59.340000	52.600000	45.450000	25.710000	8.860000	146.230000	36.270000	22.730000	32.660000	49.850000	975.600000	7066.000000	351.500000	59.780000	335.600000	70.680000	51.250000	71.580000	184.040000	6.510000	291.650000	12.800000	20.100000	3670.000000	5814.000000	277.600000	143.260000	39.010000	6244.000000	3680.000000	104.750000	10.355000	37.180000	41.025000	93.900000	67.350000	6.170000	439.800000	87.810000	293.200000	18.310000	81.080000	2986.500000	1.670000	25.780000	376.590000	25.360000	28.460000	526.190000	191.300000	367.380000	17.045000	86.450000	35.040000	102.630000	21.690000
2026-09-28 16:01:46	169.780000	81.220000	147.300000	861.300000	32.300000	74.050000	168.260000	195.220000	53.820000	107.700000	426.200000	338.620000	245.830000	415.070000	67.980000	342.260000	1550.600000	166.575000	12566.000000	44.190000	25.390000	12.586000	58.630000	50.410000	50.860000	77.240000	59.800000	37.300000	56.120000	99.410000	188.180000	561.400000	59.500000	51.920000	820.710000	3.850000	9.675000	28.080000	76.550000	42.840000	151.520000	69.300000	181.910000	59.560000	78.270000	36.540000	82.860000	32.045000	288.200000	26.850000	11.230000	57.500000	1638.500000	17.285000	8.851000	24.640000	146.100000	19.570000	67850.000000	356.050000	4.570000	79.533000	23.770000	23.420000	45.680000	40.280000	553.800000	94.830000	923.035000	77.945000	258.600000	145.250000	2.358000	1383.000000	388.600000	38.280000	29.840000	20.440000	53.460000	57.280000	32.195000	6.802000	339.285000	226.500000	78500.000000	40.310000	107.400000	51.800000	384.400000	83.500000	45.340000	111.150000	470.320000	7.700000	7.160000	399.950000	244.980000	6.145000	567.840000	236.490000	71.900000	41.855000	96.380000	5.450000	16.860000	509.535000	2981.500000	373.100000	514.100000	39.120000	33.940000	76.990000	117.150000	35.950000	8.968000	203.600000	122.020000	38.270000	232.004000	5.415000	58.940000	52.600000	45.220000	25.730000	8.970000	147.170000	36.255000	22.750000	32.660000	49.800000	974.300000	7066.000000	355.900000	59.740000	337.600000	71.140000	52.700000	72.220000	179.600000	6.530000	294.350000	12.800000	20.050000	3655.000000	5814.000000	280.500000	144.100000	38.750000	6244.000000	3680.000000	104.750000	10.355000	36.740000	41.025000	93.320000	68.000000	5.975000	439.800000	87.380000	291.445000	18.310000	80.170000	2986.500000	1.670000	25.580000	376.825000	25.360000	28.460000	527.200000	191.300000	369.565000	17.080000	87.250000	35.040000	102.430000	21.870000
2026-09-28 16:27:49	169.605000	81.220000	147.800000	866.500000	32.380000	74.050000	168.580000	195.360000	53.820000	107.700000	426.600000	338.020000	246.840000	414.600000	68.180000	341.800000	1543.200000	166.450000	12542.000000	44.220000	25.400000	12.608000	58.630000	50.450000	50.980000	77.860000	59.800000	37.300000	55.820000	99.340000	189.020000	561.700000	59.920000	51.950000	823.750000	3.850000	9.675000	28.080000	76.550000	42.810000	151.520000	69.120000	181.910000	59.820000	78.775000	36.590000	83.110000	32.095000	289.200000	26.900000	11.210000	57.440000	1640.000000	17.240000	8.841000	24.665000	147.100000	19.630000	67850.000000	353.400000	4.570000	79.690000	23.770000	23.440000	45.680000	40.330000	553.965000	94.780000	922.575000	78.180000	259.200000	145.200000	2.358000	1381.000000	388.600000	38.310000	29.840000	20.450000	53.680000	56.990000	32.175000	6.808000	340.780000	227.000000	78500.000000	40.330000	107.400000	51.800000	386.300000	83.700000	45.460000	111.150000	471.855000	7.706000	7.160000	398.200000	244.980000	6.145000	567.785000	236.245000	71.900000	41.680000	96.380000	5.450000	16.860000	508.700000	2981.500000	371.700000	515.000000	39.120000	33.940000	77.140000	117.150000	36.265000	8.942000	203.300000	121.720000	38.410000	231.360000	5.415000	58.880000	52.600000	44.980000	25.590000	9.010000	148.545000	36.390000	22.880000	32.660000	49.850000	979.200000	7063.000000	354.500000	59.600000	336.300000	71.220000	53.600000	72.120000	183.280000	6.540000	293.900000	12.800000	20.050000	3656.500000	5814.000000	280.550000	143.250000	38.710000	6244.000000	3680.000000	104.750000	10.355000	37.000000	41.025000	93.740000	68.200000	6.050000	439.800000	87.570000	293.040000	18.310000	80.280000	2986.500000	1.670000	25.680000	376.250000	25.360000	28.460000	527.185000	191.300000	368.905000	17.145000	87.500000	35.040000	102.621000	21.930000
2026-09-28 18:01:36	168.705000	81.220000	147.850000	866.400000	32.350000	74.050000	168.220000	193.100000	53.620000	107.700000	425.500000	337.775000	246.390000	415.860000	67.560000	341.260000	1537.000000	166.310000	12492.000000	43.980000	25.230000	12.502000	58.630000	50.280000	50.800000	78.560000	59.800000	37.150000	55.180000	98.260000	188.370000	563.500000	59.600000	51.430000	815.700000	4.080000	9.675000	28.080000	76.550000	42.380000	151.520000	68.760000	181.910000	59.500000	77.850000	36.560000	82.680000	31.565000	287.100000	26.670000	11.060000	56.980000	1619.500000	17.150000	8.713000	24.580000	146.100000	19.840000	67850.000000	347.950000	4.570000	78.620000	23.770000	23.300000	46.640000	39.700000	551.500000	94.910000	919.285000	77.325000	258.800000	143.300000	2.358000	1381.500000	388.600000	38.390000	29.700000	20.340000	53.340000	56.570000	31.880000	6.762000	339.290000	228.200000	78500.000000	39.700000	104.900000	51.720000	385.000000	83.400000	45.100000	78.000000	469.720000	7.702000	7.160000	398.800000	244.980000	6.135000	567.160000	234.150000	71.900000	41.430000	96.380000	5.450000	16.900000	510.680000	2981.500000	368.100000	514.000000	39.120000	34.160000	77.000000	117.150000	36.045000	8.830000	202.600000	121.400000	38.480000	229.910000	5.395000	58.720000	52.600000	44.590000	25.250000	8.950000	147.960000	36.015000	22.870000	32.880000	49.850000	966.300000	7059.000000	355.400000	59.140000	333.000000	70.500000	51.500000	72.000000	184.020000	6.460000	290.500000	12.800000	19.840000	3654.500000	5814.000000	278.450000	140.880000	38.670000	6244.000000	3680.000000	104.050000	10.385000	36.300000	41.738000	93.380000	67.550000	6.060000	439.800000	87.140000	291.035000	18.320000	80.000000	2986.500000	1.670000	25.340000	374.890000	25.240000	28.440000	528.440000	191.300000	368.275000	17.055000	86.550000	35.040000	101.440000	21.800000
2026-09-28 20:01:43	169.235000	81.220000	147.850000	866.400000	32.350000	74.050000	168.220000	193.100000	53.620000	107.700000	425.500000	339.520000	247.135000	417.030000	67.560000	339.480000	1537.000000	166.880000	12492.000000	43.980000	25.230000	12.502000	58.340000	50.280000	50.800000	78.560000	59.800000	37.150000	55.180000	98.260000	189.540000	563.500000	59.600000	51.690000	823.275000	4.080000	9.675000	28.080000	76.550000	42.380000	151.520000	68.760000	181.910000	59.500000	78.650000	36.560000	83.960000	31.565000	287.100000	26.670000	11.060000	56.980000	1619.500000	17.150000	8.713000	24.580000	146.100000	19.840000	67850.000000	347.950000	4.570000	77.720000	23.770000	23.300000	46.640000	39.700000	551.500000	94.530000	919.403000	78.120000	258.800000	143.300000	2.358000	1381.500000	388.600000	38.390000	29.700000	20.340000	53.340000	56.570000	31.880000	6.762000	337.325000	228.200000	78500.000000	39.700000	104.900000	51.720000	385.000000	83.400000	45.100000	111.150000	472.420000	7.702000	7.160000	398.800000	244.980000	6.135000	568.535000	234.710000	71.900000	41.430000	96.395000	5.450000	16.900000	511.850000	2981.500000	368.100000	514.000000	39.120000	34.160000	77.000000	116.460000	36.565000	8.830000	202.600000	121.400000	38.830000	230.065000	5.395000	58.720000	52.600000	44.590000	25.250000	8.950000	148.865000	36.015000	22.870000	32.880000	49.850000	966.300000	7059.000000	355.400000	59.140000	333.000000	70.500000	51.500000	72.000000	184.020000	6.460000	290.500000	12.800000	19.840000	3654.500000	5814.000000	278.450000	140.880000	38.670000	6244.000000	3680.000000	104.050000	10.385000	36.300000	42.055000	93.380000	67.550000	6.060000	439.800000	87.160000	291.585000	18.320000	80.000000	2986.500000	1.670000	25.340000	376.290000	25.240000	28.440000	524.835000	191.300000	369.470000	17.055000	86.550000	35.040000	101.985000	21.800000
2026-09-28 22:02:01	169.550000	81.220000	147.850000	866.400000	32.350000	74.050000	168.220000	193.100000	53.620000	107.700000	425.500000	339.310000	246.335000	418.310000	67.560000	338.435000	1537.000000	166.090000	12492.000000	43.980000	25.230000	12.502000	58.180000	50.280000	50.800000	78.560000	59.800000	37.150000	55.180000	98.260000	184.370000	563.500000	59.600000	51.380000	820.090000	4.080000	9.675000	28.080000	76.550000	42.380000	151.520000	68.760000	181.910000	59.500000	78.365000	36.560000	84.020000	31.565000	287.100000	26.670000	11.060000	56.980000	1619.500000	17.150000	8.713000	24.580000	146.100000	19.840000	67850.000000	347.950000	4.570000	76.630000	23.770000	23.300000	46.640000	39.700000	551.500000	93.770000	916.550000	78.240000	258.800000	143.300000	2.358000	1381.500000	388.600000	38.390000	29.700000	20.340000	53.340000	56.570000	31.880000	6.762000	336.830000	228.200000	78500.000000	39.700000	104.900000	51.720000	385.000000	83.400000	45.100000	78.225000	472.040000	7.702000	7.160000	398.800000	244.980000	6.135000	568.240000	233.608000	71.900000	41.430000	95.830000	5.450000	16.900000	509.220000	2981.500000	368.100000	514.000000	39.120000	34.160000	77.000000	116.080000	36.370000	8.830000	202.600000	121.400000	38.715000	228.860000	5.395000	58.720000	52.600000	44.590000	25.250000	8.950000	149.040000	36.015000	22.870000	32.880000	49.850000	966.300000	7059.000000	355.400000	59.140000	333.000000	70.500000	51.500000	72.000000	184.020000	6.460000	290.500000	12.800000	19.840000	3654.500000	5814.000000	278.450000	140.880000	38.670000	6244.000000	3680.000000	104.050000	10.385000	36.300000	41.780000	93.380000	67.550000	6.060000	439.800000	87.180000	289.770000	18.320000	80.000000	2986.500000	1.670000	25.340000	377.810000	25.240000	28.440000	527.670000	191.300000	367.820000	17.055000	86.550000	35.040000	100.930000	21.800000
2026-09-29 06:01:23	169.480000	81.220000	147.850000	866.400000	32.350000	73.950000	168.220000	193.100000	53.620000	105.700000	425.500000	339.160000	246.150000	418.130000	67.560000	338.400000	1537.000000	166.150000	12492.000000	43.980000	25.230000	12.502000	58.180000	50.280000	50.800000	78.560000	60.355000	37.150000	55.180000	98.260000	184.390000	563.500000	59.600000	51.380000	819.950000	4.080000	9.690000	28.800000	76.200000	42.380000	150.410000	68.760000	181.780000	59.500000	78.360000	36.560000	84.030000	31.565000	287.100000	26.670000	11.060000	56.980000	1619.500000	17.150000	8.713000	24.580000	146.100000	19.840000	67810.000000	347.950000	4.570000	76.630000	23.770000	23.300000	46.640000	39.700000	551.500000	93.710000	916.280000	78.250000	258.800000	143.300000	2.358000	1381.500000	389.200000	38.390000	29.700000	20.340000	53.340000	56.570000	31.880000	6.762000	336.590000	228.200000	79390.000000	39.700000	104.900000	51.720000	385.000000	83.400000	45.100000	107.430000	472.040000	7.702000	7.160000	398.800000	245.050000	6.135000	568.260000	233.600000	71.050000	41.430000	95.820000	5.450000	16.900000	509.220000	2930.000000	368.100000	514.000000	39.100000	34.160000	77.000000	116.050000	36.390000	8.830000	202.600000	121.400000	38.710000	228.860000	5.395000	58.720000	53.050000	44.590000	25.250000	8.950000	149.030000	36.015000	22.870000	32.880000	49.850000	966.300000	7059.000000	355.400000	59.140000	333.000000	70.500000	51.500000	72.000000	184.020000	6.460000	290.500000	12.800000	19.840000	3654.500000	5738.000000	278.450000	140.880000	38.670000	6037.000000	3741.000000	104.050000	10.385000	36.300000	41.780000	93.380000	67.550000	6.060000	433.400000	87.180000	289.890000	18.320000	80.000000	2900.500000	1.670000	25.340000	377.830000	25.240000	28.440000	527.670000	191.300000	367.740000	17.055000	86.550000	34.950000	100.910000	21.800000
2026-09-29 08:01:26	169.480000	81.220000	147.850000	866.400000	32.350000	73.950000	168.220000	193.100000	53.620000	105.700000	425.500000	339.160000	246.150000	418.130000	67.560000	338.400000	1537.000000	166.150000	12492.000000	43.980000	25.230000	12.502000	58.180000	50.280000	50.800000	78.560000	60.285000	37.150000	55.180000	98.260000	184.390000	563.500000	59.600000	51.380000	819.950000	4.080000	9.695000	28.760000	76.500000	42.380000	150.160000	68.760000	181.965000	59.500000	78.360000	36.560000	84.030000	31.565000	287.100000	26.670000	11.060000	56.980000	1619.500000	17.150000	8.713000	24.580000	146.100000	19.840000	67760.000000	347.950000	4.570000	76.630000	23.770000	23.300000	46.640000	39.700000	551.500000	93.710000	916.280000	78.250000	258.800000	143.300000	2.358000	1381.500000	388.200000	38.390000	29.700000	20.340000	53.340000	56.570000	31.880000	6.762000	336.590000	228.200000	79130.000000	39.700000	104.900000	51.720000	385.000000	83.400000	45.100000	108.530000	472.040000	7.702000	7.160000	398.800000	245.570000	6.135000	568.260000	233.600000	70.100000	41.430000	95.820000	5.450000	16.900000	509.220000	2914.000000	368.100000	514.000000	38.920000	34.160000	77.000000	116.050000	36.390000	8.830000	202.600000	121.400000	38.710000	228.860000	5.395000	58.720000	52.900000	44.590000	25.250000	8.950000	149.030000	36.015000	22.870000	32.880000	49.850000	966.300000	7059.000000	355.400000	59.140000	333.000000	70.500000	51.500000	72.000000	184.020000	6.460000	290.500000	12.800000	19.840000	3654.500000	5712.000000	278.450000	140.880000	38.670000	5951.000000	3718.000000	104.050000	10.385000	36.300000	41.780000	93.380000	67.550000	6.060000	432.200000	87.180000	289.890000	18.320000	80.000000	2882.000000	1.670000	25.340000	377.830000	25.240000	28.440000	527.670000	191.300000	367.740000	17.055000	86.550000	34.840000	100.910000	21.800000
2026-09-29 10:01:30	169.480000	81.220000	147.350000	877.000000	32.020000	73.800000	168.880000	192.180000	54.380000	106.300000	426.600000	339.160000	246.150000	418.130000	66.560000	338.400000	1584.800000	166.150000	12734.000000	44.140000	25.480000	12.676000	58.180000	50.400000	50.340000	78.420000	60.630000	37.200000	54.780000	98.630000	184.390000	557.700000	59.340000	51.380000	819.950000	3.850000	9.690000	28.760000	76.450000	42.850000	150.270000	68.940000	182.300000	59.220000	78.360000	36.560000	84.030000	31.810000	287.700000	26.630000	11.200000	57.060000	1615.000000	16.855000	8.746000	24.460000	146.450000	20.030000	68710.000000	353.300000	4.572000	76.630000	23.600000	22.980000	45.680000	40.230000	558.500000	93.710000	916.280000	78.250000	257.400000	143.000000	2.360000	1373.000000	387.800000	38.270000	29.740000	20.500000	53.480000	57.740000	32.070000	6.827000	336.590000	227.900000	79480.000000	40.230000	105.000000	51.780000	384.550000	84.250000	45.240000	109.500000	472.040000	7.696000	7.090000	399.150000	247.090000	6.145000	568.260000	233.600000	70.550000	41.070000	95.820000	5.450000	17.110000	509.220000	2923.500000	370.900000	511.400000	39.110000	33.730000	77.130000	116.050000	36.390000	8.954000	203.300000	122.160000	38.710000	228.860000	5.370000	58.380000	52.950000	44.840000	25.240000	8.950000	149.030000	36.020000	22.750000	33.320000	49.700000	957.800000	7146.000000	355.500000	58.440000	334.900000	69.920000	51.100000	72.260000	185.120000	6.490000	297.950000	12.650000	20.350000	3634.500000	5749.000000	283.050000	143.020000	39.080000	6035.000000	3732.000000	103.700000	10.320000	36.380000	41.780000	93.380000	69.850000	6.140000	433.000000	87.180000	289.890000	18.430000	79.480000	2881.500000	1.620000	25.220000	377.830000	25.050000	28.600000	527.670000	191.300000	367.740000	17.135000	88.550000	35.020000	100.910000	21.795000
2026-09-29 12:01:52	169.480000	81.220000	147.500000	882.100000	31.940000	73.900000	169.680000	192.400000	54.560000	106.200000	427.500000	339.160000	246.150000	418.130000	65.980000	338.400000	1588.200000	166.150000	12678.000000	44.060000	25.490000	12.728000	58.180000	50.570000	49.830000	77.860000	60.630000	37.200000	55.200000	98.650000	184.390000	551.500000	59.500000	51.380000	819.950000	3.850000	9.690000	28.800000	76.500000	42.750000	150.270000	68.920000	182.300000	58.860000	78.360000	36.640000	84.030000	31.930000	286.700000	26.540000	11.170000	57.060000	1600.000000	16.940000	8.792000	24.205000	145.450000	20.280000	68710.000000	352.700000	4.600000	76.630000	23.540000	23.060000	45.680000	40.070000	559.400000	93.710000	916.280000	78.250000	257.000000	143.450000	2.360000	1374.500000	386.800000	38.250000	29.840000	20.590000	53.560000	58.230000	32.105000	6.835000	336.590000	228.100000	79480.000000	40.070000	105.400000	51.880000	383.550000	83.800000	45.420000	109.500000	472.040000	7.740000	7.120000	397.100000	247.090000	6.130000	568.260000	233.600000	70.450000	40.950000	95.820000	5.450000	17.130000	509.220000	2923.500000	372.300000	510.200000	39.110000	33.470000	76.960000	116.050000	36.390000	8.972000	203.500000	121.460000	38.710000	228.860000	5.405000	58.340000	52.900000	45.280000	25.300000	9.050000	149.030000	36.110000	22.760000	33.360000	49.450000	951.300000	7125.000000	352.500000	58.720000	335.500000	70.040000	51.200000	72.060000	185.780000	6.510000	299.450000	12.650000	20.500000	3616.500000	5749.000000	283.800000	144.380000	39.010000	6035.000000	3732.000000	103.150000	10.370000	36.560000	41.780000	93.920000	70.050000	6.185000	432.000000	87.180000	289.890000	18.490000	78.530000	2881.500000	1.620000	25.040000	377.830000	25.070000	28.720000	527.670000	191.300000	367.740000	17.090000	89.800000	35.020000	100.910000	21.630000
2026-09-29 14:01:37	169.480000	81.420000	147.450000	881.300000	32.040000	73.900000	169.300000	192.720000	54.180000	106.200000	426.400000	339.160000	246.150000	418.130000	65.740000	338.400000	1591.200000	166.150000	12654.000000	43.940000	25.510000	12.722000	58.180000	50.430000	49.490000	77.960000	60.630000	37.100000	55.940000	98.520000	184.390000	547.000000	59.580000	51.380000	819.950000	3.850000	9.690000	28.800000	76.500000	42.790000	150.270000	69.220000	182.300000	58.720000	78.360000	36.570000	84.030000	31.965000	286.400000	26.560000	11.290000	57.300000	1600.611000	16.990000	8.801000	24.105000	145.600000	20.000000	68710.000000	355.000000	4.618000	76.630000	23.440000	22.980000	45.680000	40.460000	562.400000	93.710000	916.280000	78.250000	256.000000	145.950000	2.416000	1373.500000	386.800000	38.090000	29.680000	20.600000	53.640000	59.340000	32.070000	6.819000	336.590000	226.950000	79480.000000	40.460000	105.700000	52.300000	383.200000	85.600000	46.080000	109.500000	472.040000	7.752000	7.175000	396.700000	247.090000	6.125000	568.260000	233.600000	70.450000	41.260000	95.820000	5.450000	17.330000	509.220000	2923.500000	375.000000	508.000000	39.110000	33.270000	76.620000	116.050000	36.390000	9.140000	201.100000	121.580000	38.710000	228.860000	5.415000	58.900000	52.900000	45.330000	25.450000	9.000000	149.030000	36.545000	22.920000	33.160000	49.400000	959.300000	7191.000000	352.900000	59.340000	337.900000	70.620000	51.600000	72.100000	184.240000	6.560000	299.450000	12.650000	20.550000	3589.000000	5749.000000	284.900000	146.700000	38.770000	6035.000000	3732.000000	103.100000	10.330000	36.740000	41.780000	93.520000	71.800000	6.145000	432.000000	87.180000	289.890000	18.440000	78.020000	2881.500000	1.640000	25.060000	377.830000	25.080000	28.800000	527.670000	193.350000	367.740000	17.455000	90.000000	35.020000	100.910000	21.790000
2026-09-29 16:01:47	169.880000	81.100000	145.900000	865.700000	32.020000	73.900000	168.980000	191.340000	54.540000	106.200000	425.300000	337.140000	245.335000	418.020000	65.260000	332.770000	1592.400000	165.265000	12488.000000	43.920000	25.260000	12.554000	58.590000	50.010000	48.980000	78.040000	60.630000	37.100000	55.200000	97.610000	190.635000	550.600000	59.360000	51.400000	828.635000	3.850000	9.690000	28.800000	76.500000	42.330000	150.270000	69.100000	182.300000	58.800000	77.530000	36.520000	84.325000	31.755000	287.400000	26.380000	11.330000	57.140000	1610.000000	17.015000	8.750000	24.245000	145.450000	19.840000	68710.000000	351.050000	4.596000	76.785000	23.520000	23.080000	46.130000	40.360000	555.200000	93.215000	913.470000	77.868000	257.400000	145.700000	2.416000	1360.000000	386.800000	38.070000	29.660000	20.560000	53.400000	59.440000	31.865000	6.774000	335.520000	225.750000	79480.000000	40.360000	104.800000	52.480000	381.300000	85.100000	45.980000	109.500000	473.675000	7.756000	7.210000	395.050000	247.090000	6.135000	565.735000	234.795000	70.450000	40.675000	95.600000	5.450000	17.010000	504.719000	2923.500000	374.900000	511.000000	39.110000	33.290000	76.340000	117.325000	36.000000	9.246000	199.450000	121.260000	38.240000	230.330000	5.355000	60.220000	52.900000	45.000000	25.230000	9.010000	148.120000	36.110000	22.620000	33.220000	49.350000	969.500000	7099.000000	350.500000	59.240000	336.900000	70.620000	51.500000	71.650000	184.500000	6.470000	298.400000	12.650000	20.200000	3596.500000	5749.000000	285.100000	145.980000	38.840000	6035.000000	3732.000000	103.050000	10.325000	36.400000	42.050000	94.000000	71.150000	6.115000	432.000000	87.005000	289.960000	18.290000	78.170000	2881.500000	1.640000	24.880000	374.700000	25.070000	28.860000	526.682000	191.350000	367.010000	17.445000	89.300000	35.020000	100.810000	21.880000
2026-09-29 18:01:47	168.300000	80.780000	145.750000	870.000000	31.980000	73.900000	168.880000	190.480000	54.400000	106.200000	422.800000	335.335000	246.390000	417.200000	65.400000	331.220000	1601.200000	163.700000	12428.000000	43.490000	25.180000	12.510000	57.940000	49.940000	48.880000	77.580000	60.630000	36.650000	54.500000	97.400000	188.415000	550.700000	59.280000	51.300000	817.500000	4.175000	9.690000	28.800000	76.500000	41.990000	150.270000	68.300000	182.300000	58.760000	78.190000	36.540000	83.780000	31.750000	287.100000	26.400000	11.240000	56.960000	1610.000000	16.905000	8.779000	24.290000	144.600000	19.840000	68710.000000	352.050000	4.558000	75.550000	23.450000	22.980000	43.910000	39.970000	551.800000	93.240000	904.210000	77.595000	256.200000	144.500000	2.416000	1352.500000	386.800000	38.150000	29.500000	20.490000	53.280000	59.300000	31.725000	6.753000	333.520000	223.550000	79480.000000	39.970000	104.100000	52.140000	380.750000	86.800000	46.260000	109.500000	472.430000	7.724000	7.170000	394.600000	247.090000	6.120000	562.890000	234.878000	70.450000	40.665000	94.890000	5.450000	16.900000	509.355000	2923.500000	371.000000	507.600000	39.110000	32.870000	76.260000	116.400000	35.935000	9.162000	199.550000	120.920000	38.150000	230.320000	5.280000	60.000000	52.900000	45.300000	25.320000	8.990000	148.100000	36.060000	22.530000	33.020000	49.400000	960.400000	7072.000000	349.300000	58.920000	335.100000	69.800000	50.450000	71.470000	185.320000	6.400000	296.350000	12.650000	20.250000	3594.000000	5749.000000	282.000000	145.820000	38.650000	6035.000000	3732.000000	102.300000	10.225000	36.160000	41.460000	93.500000	71.200000	6.080000	432.000000	86.900000	288.350000	18.280000	78.100000	2881.500000	1.640000	24.880000	372.755000	24.930000	28.520000	523.420000	192.750000	365.687000	17.405000	88.050000	35.020000	100.695000	21.870000
2026-09-29 20:02:53	168.410000	80.780000	145.750000	870.000000	31.980000	73.900000	168.880000	190.480000	54.400000	106.200000	422.800000	335.520000	247.020000	420.295000	65.400000	331.780000	1601.200000	164.610000	12428.000000	43.490000	25.180000	12.510000	58.210000	49.940000	48.880000	77.580000	60.630000	36.650000	54.500000	97.400000	188.450000	550.700000	59.280000	51.510000	823.600000	4.175000	9.690000	28.800000	76.500000	41.990000	150.270000	68.300000	182.300000	58.760000	77.915000	36.540000	84.220000	31.750000	287.100000	26.400000	11.240000	56.960000	1610.000000	16.905000	8.779000	24.290000	144.600000	19.840000	68710.000000	352.050000	4.558000	75.345000	23.450000	22.980000	43.910000	39.970000	551.800000	92.170000	910.480000	77.865000	256.200000	144.500000	2.416000	1352.500000	386.800000	38.150000	29.500000	20.490000	53.280000	59.300000	31.725000	6.753000	335.259000	223.550000	79480.000000	39.970000	104.100000	52.140000	380.750000	86.800000	46.260000	109.500000	473.465000	7.724000	7.170000	394.600000	247.090000	6.120000	564.450000	234.925000	70.450000	40.665000	95.055000	5.450000	16.900000	506.465000	2923.500000	371.000000	507.600000	39.110000	32.870000	76.260000	117.130000	35.745000	9.162000	199.550000	120.920000	38.180000	228.230000	5.280000	60.000000	52.900000	45.300000	25.320000	8.990000	148.494000	36.060000	22.530000	33.020000	49.400000	960.400000	7072.000000	349.300000	58.920000	335.100000	69.800000	50.450000	71.470000	185.320000	6.400000	296.350000	12.650000	20.250000	3594.000000	5749.000000	282.000000	145.820000	38.650000	6035.000000	3732.000000	102.300000	10.225000	36.160000	41.315000	93.500000	71.200000	6.080000	432.000000	87.120000	289.225000	18.280000	78.100000	2881.500000	1.640000	24.880000	374.600000	24.930000	28.520000	526.695000	192.750000	366.910000	17.405000	88.050000	35.020000	100.740000	21.870000
2026-09-29 22:01:38	168.480000	80.780000	145.750000	870.000000	31.980000	73.900000	168.880000	190.480000	54.400000	106.200000	422.800000	337.350000	246.634000	423.600000	65.400000	329.390000	1601.200000	164.300000	12428.000000	43.490000	25.180000	12.510000	58.470000	49.940000	48.880000	77.580000	60.630000	36.650000	54.500000	97.400000	187.810000	550.700000	59.280000	51.700000	827.165000	4.175000	9.690000	28.800000	76.500000	41.990000	150.270000	68.300000	182.300000	58.760000	77.650000	36.540000	84.900000	31.750000	287.100000	26.400000	11.240000	56.960000	1610.000000	16.905000	8.779000	24.290000	144.600000	19.840000	68710.000000	352.050000	4.558000	74.450000	23.450000	22.980000	43.910000	39.970000	551.800000	94.055000	916.700000	78.110000	256.200000	144.500000	2.416000	1352.500000	386.800000	38.150000	29.500000	20.490000	53.280000	59.300000	31.725000	6.753000	335.030000	223.550000	79480.000000	39.970000	104.100000	52.140000	380.750000	86.800000	46.260000	109.500000	473.370000	7.724000	7.170000	394.600000	247.090000	6.120000	563.660000	234.050000	70.450000	40.665000	95.200000	5.450000	16.900000	508.960000	2923.500000	371.000000	507.600000	39.110000	32.870000	76.260000	117.080000	35.835000	9.162000	199.550000	120.920000	38.310000	227.210000	5.280000	60.000000	52.900000	45.300000	25.320000	8.990000	148.360000	36.060000	22.530000	33.020000	49.400000	960.400000	7072.000000	349.300000	58.920000	335.100000	69.800000	50.450000	71.470000	185.320000	6.400000	296.350000	12.650000	20.250000	3594.000000	5749.000000	282.000000	145.820000	38.650000	6035.000000	3732.000000	102.300000	10.225000	36.160000	41.020000	93.500000	71.200000	6.080000	432.000000	86.860000	288.175000	18.280000	78.100000	2881.500000	1.640000	24.880000	374.950000	24.930000	28.520000	526.730000	192.750000	366.030000	17.405000	88.050000	35.020000	100.925000	21.870000
2026-09-30 06:01:15	168.490000	80.780000	145.750000	870.000000	31.980000	73.850000	168.880000	190.480000	54.400000	106.400000	422.800000	337.320000	246.670000	423.640000	65.400000	329.400000	1601.200000	164.210000	12428.000000	43.490000	25.180000	12.510000	58.470000	49.940000	48.880000	77.580000	61.005000	36.650000	54.500000	97.400000	187.680000	550.700000	59.280000	51.700000	826.640000	4.175000	9.735000	27.960000	76.700000	41.990000	149.590000	68.300000	184.640000	58.760000	77.680000	36.540000	84.870000	31.750000	287.100000	26.400000	11.240000	56.960000	1610.000000	16.905000	8.779000	24.290000	144.600000	19.840000	70120.000000	352.050000	4.558000	74.450000	23.450000	22.980000	43.910000	39.970000	551.800000	94.060000	916.240000	78.100000	256.200000	144.500000	2.416000	1352.500000	386.800000	38.150000	29.500000	20.490000	53.280000	59.300000	31.725000	6.753000	334.980000	223.550000	80200.000000	39.970000	104.100000	52.140000	380.750000	86.800000	46.260000	108.770000	473.370000	7.724000	7.170000	394.600000	246.005000	6.120000	563.580000	233.980000	71.650000	40.665000	95.200000	5.450000	16.900000	508.960000	2933.500000	371.000000	507.600000	38.940000	32.870000	76.260000	117.090000	35.840000	9.162000	199.550000	120.920000	38.310000	227.210000	5.280000	60.000000	52.550000	45.300000	25.320000	8.990000	148.320000	36.060000	22.530000	33.020000	49.400000	960.400000	7072.000000	349.300000	58.920000	335.100000	69.800000	50.450000	71.470000	185.320000	6.400000	296.350000	12.650000	20.250000	3594.000000	5902.000000	282.000000	145.820000	38.650000	6422.000000	3787.000000	102.300000	10.225000	36.160000	41.020000	93.500000	71.200000	6.080000	427.000000	86.840000	288.040000	18.280000	78.100000	2926.000000	1.640000	24.880000	374.940000	24.930000	28.520000	526.730000	192.750000	365.880000	17.405000	88.050000	34.950000	100.930000	21.870000
2026-09-30 08:01:18	168.490000	80.780000	145.750000	870.000000	31.980000	73.850000	168.880000	190.480000	54.400000	106.200000	422.800000	337.320000	246.670000	423.640000	65.400000	329.400000	1601.200000	164.210000	12428.000000	43.490000	25.180000	12.510000	58.470000	49.940000	48.880000	77.580000	61.290000	36.650000	54.500000	97.400000	187.680000	550.700000	59.280000	51.700000	826.640000	4.175000	9.810000	28.080000	76.650000	41.990000	150.235000	68.300000	184.530000	58.760000	77.680000	36.540000	84.870000	31.750000	287.100000	26.400000	11.240000	56.960000	1610.000000	16.905000	8.779000	24.290000	144.600000	19.840000	71230.000000	352.050000	4.558000	74.450000	23.450000	22.980000	43.910000	39.970000	551.800000	94.060000	916.240000	78.100000	256.200000	144.500000	2.416000	1352.500000	387.000000	38.150000	29.500000	20.490000	53.280000	59.300000	31.725000	6.753000	334.980000	223.550000	80990.000000	39.970000	104.100000	52.140000	380.750000	86.800000	46.260000	109.300000	473.370000	7.724000	7.170000	394.600000	245.760000	6.120000	563.580000	233.980000	71.900000	40.665000	95.200000	5.450000	16.900000	508.960000	2943.000000	371.000000	507.600000	39.170000	32.870000	76.260000	117.090000	35.840000	9.162000	199.550000	120.920000	38.310000	227.210000	5.280000	60.000000	52.650000	45.300000	25.320000	8.990000	148.320000	36.060000	22.530000	33.020000	49.400000	960.400000	7072.000000	349.300000	58.920000	335.100000	69.800000	50.450000	71.470000	185.320000	6.400000	296.350000	12.650000	20.250000	3594.000000	5926.000000	282.000000	145.820000	38.650000	6441.000000	3770.000000	102.300000	10.225000	36.160000	41.020000	93.500000	71.200000	6.080000	427.600000	86.840000	288.040000	18.280000	78.100000	2928.000000	1.640000	24.880000	374.940000	24.930000	28.520000	526.730000	192.750000	365.880000	17.405000	88.050000	35.130000	100.930000	21.870000
2026-09-30 10:01:22	168.490000	80.660000	146.450000	877.300000	32.360000	73.750000	170.340000	193.400000	54.800000	106.700000	422.800000	337.320000	246.670000	423.640000	66.100000	329.400000	1625.800000	164.210000	12466.000000	43.130000	25.370000	12.644000	58.470000	50.380000	49.230000	78.420000	60.820000	36.100000	55.260000	96.740000	187.680000	542.700000	59.360000	51.700000	826.640000	3.850000	9.805000	28.120000	76.500000	41.260000	151.010000	68.020000	184.220000	59.420000	77.680000	36.430000	84.870000	32.015000	290.200000	26.380000	11.400000	57.420000	1635.290000	17.175000	8.865000	24.055000	146.300000	19.900000	70860.000000	351.150000	4.590000	74.450000	23.830000	22.980000	44.700000	40.210000	553.500000	94.060000	916.240000	78.100000	257.000000	146.800000	2.322000	1357.000000	387.400000	38.090000	29.360000	20.770000	53.760000	59.990000	31.870000	6.787000	334.980000	223.050000	80480.000000	40.210000	103.750000	52.280000	384.300000	87.750000	46.400000	109.790000	473.370000	7.780000	7.195000	395.250000	246.100000	6.155000	563.580000	233.980000	71.600000	40.615000	95.200000	5.450000	17.170000	508.960000	2928.000000	377.300000	510.200000	39.150000	32.520000	76.910000	117.090000	35.840000	9.146000	201.800000	122.160000	38.310000	227.210000	5.345000	61.060000	52.800000	45.170000	25.230000	9.030000	148.320000	36.150000	22.360000	33.100000	49.700000	968.100000	7204.000000	352.600000	59.760000	339.600000	70.120000	51.000000	71.910000	184.240000	6.430000	296.250000	12.600000	20.800000	3563.000000	5945.000000	283.700000	146.920000	39.080000	6430.000000	3759.000000	102.750000	10.300000	36.160000	41.020000	93.220000	72.200000	6.075000	431.400000	86.840000	288.040000	17.900000	76.230000	2920.000000	1.600000	24.820000	374.940000	25.190000	28.000000	526.730000	195.800000	365.880000	17.430000	89.075000	35.070000	100.930000	22.230000
2026-09-30 12:01:25	168.490000	80.160000	146.050000	871.500000	32.220000	73.600000	169.720000	191.880000	54.400000	106.600000	420.300000	337.320000	246.670000	423.640000	65.480000	329.400000	1610.800000	164.210000	12368.000000	42.830000	25.220000	12.536000	58.470000	50.410000	49.240000	78.460000	60.820000	36.350000	56.100000	96.300000	187.680000	543.000000	59.580000	51.700000	826.640000	3.850000	9.820000	28.120000	76.700000	40.850000	151.010000	68.100000	184.220000	59.060000	77.680000	36.410000	84.870000	31.815000	286.500000	26.290000	11.230000	57.300000	1632.500000	17.065000	8.766000	23.950000	144.400000	20.180000	70860.000000	349.350000	4.604000	74.450000	23.780000	22.880000	44.600000	39.840000	551.797000	94.060000	916.240000	78.100000	254.800000	144.400000	2.322000	1354.000000	387.800000	38.105000	29.100000	20.690000	54.100000	59.190000	31.690000	6.734000	334.980000	223.600000	80480.000000	39.840000	103.400000	51.800000	383.200000	87.800000	46.320000	109.790000	473.370000	7.754000	7.160000	393.850000	246.100000	6.125000	563.580000	233.980000	71.700000	40.975000	95.200000	5.450000	17.080000	508.960000	2928.000000	377.500000	505.400000	39.150000	32.890000	76.490000	117.090000	35.840000	9.112000	200.900000	121.380000	38.310000	227.210000	5.320000	61.040000	52.750000	45.780000	25.440000	9.010000	148.320000	35.430000	22.450000	32.980000	49.400000	965.700000	7162.000000	350.500000	59.680000	336.900000	69.660000	50.950000	71.750000	182.330000	6.520000	293.500000	12.600000	20.450000	3554.500000	5945.000000	280.350000	144.660000	38.420000	6430.000000	3759.000000	102.450000	10.240000	36.020000	41.020000	93.260000	72.550000	6.040000	431.000000	86.840000	288.040000	17.740000	76.170000	2920.000000	1.600000	24.500000	374.940000	24.980000	27.840000	526.730000	193.800000	365.880000	17.390000	89.400000	35.070000	100.930000	22.400000
2026-09-30 14:01:31	168.490000	80.040000	146.500000	875.300000	32.200000	73.600000	169.940000	191.360000	54.440000	106.600000	417.600000	337.320000	246.670000	423.640000	65.520000	329.400000	1607.000000	164.210000	12336.000000	42.460000	25.150000	12.452000	58.470000	50.430000	48.790000	77.760000	60.820000	36.450000	56.280000	95.710000	187.680000	545.400000	59.560000	51.700000	826.640000	3.850000	9.820000	28.120000	76.700000	40.860000	151.010000	68.100000	184.220000	59.060000	77.680000	36.490000	84.870000	31.885000	287.900000	26.210000	11.220000	57.120000	1628.500000	16.940000	8.760000	23.995000	147.550000	20.260000	70860.000000	348.700000	4.636000	74.450000	23.780000	22.800000	44.600000	39.930000	553.900000	94.060000	916.240000	78.100000	254.000000	143.200000	2.322000	1361.500000	387.800000	38.170000	29.020000	20.620000	53.920000	59.640000	31.675000	6.715000	334.980000	225.300000	80480.000000	39.930000	103.200000	51.480000	382.350000	87.300000	46.000000	109.790000	473.370000	7.720000	7.120000	395.000000	246.100000	6.100000	563.580000	233.980000	71.700000	41.120000	95.200000	5.450000	17.180000	508.960000	2928.000000	375.600000	504.400000	39.150000	32.670000	76.480000	117.090000	35.840000	9.280000	200.300000	121.180000	38.310000	227.210000	5.340000	60.900000	52.750000	46.170000	26.150000	8.870000	148.320000	35.580000	22.540000	33.140000	49.400000	960.800000	7165.000000	350.000000	59.480000	336.600000	69.280000	50.900000	71.900000	183.800000	6.500000	293.450000	12.600000	20.450000	3561.750000	5945.000000	279.050000	144.920000	38.180000	6430.000000	3759.000000	102.500000	10.255000	36.060000	41.020000	93.160000	72.850000	6.030000	431.000000	86.840000	288.040000	17.820000	76.150000	2920.000000	1.700000	24.280000	374.940000	24.960000	28.020000	526.730000	194.650000	365.880000	17.125000	90.150000	35.070000	100.930000	22.610000
